epoch,train_loss,val_loss,val_mae,val_rmse,epoch_time_s
1,0.6665538489818573,0.08484789499869713,888.4951171875,1220.8638916015625,39.90836715698242
2,0.046413787739241825,0.032599503747545756,760.6316528320312,926.285400390625,34.1907377243042
3,0.03444526331389652,0.030447297944472387,740.0048828125,919.1943359375,35.71875214576721
4,0.019550640779711744,0.0026863454841077328,268.45458984375,483.6327819824219,34.99723768234253
5,0.005987388996736092,0.0024423997562665204,377.8870849609375,532.4496459960938,36.022820472717285
6,0.005133813860661843,0.002316567625922079,407.7044372558594,555.1365966796875,34.69607186317444
7,0.004763703357757014,0.001873286955882437,369.40283203125,522.0025024414062,34.33972096443176
8,0.004454569959574763,0.0016787691364208092,379.39337158203125,526.324462890625,35.612794637680054
9,0.004279995322747923,0.0016285802524250287,372.47930908203125,511.8094177246094,34.896788358688354
10,0.004132442074992201,0.0015434977294017489,363.2532043457031,496.835693359375,34.78342533111572
11,0.0038957771160365905,0.0013721948758197518,343.6755676269531,474.1401672363281,59.101441860198975
12,0.003892837946905809,0.0013520367031630415,339.69866943359375,466.6524658203125,58.19647192955017
13,0.003767231955905171,0.0013029008181407475,341.2329406738281,467.1834411621094,57.849432706832886
14,0.003713550210437354,0.0014477661954095731,366.60699462890625,494.17987060546875,57.851526975631714
15,0.0035641307805610056,0.0013603251427412033,355.55889892578125,479.02520751953125,58.32493019104004
16,0.003702336727805874,0.0012761339357194419,342.68182373046875,461.6285095214844,57.83024573326111
17,0.0035023624269182193,0.001187322885156251,328.15972900390625,443.5341796875,57.749741315841675
18,0.0034967941916821633,0.001190834499609012,324.7248229980469,439.0080871582031,58.05231857299805
19,0.0033683479325298,0.001201422061198033,321.5079040527344,430.7530212402344,58.00762701034546
20,0.0034598679377642627,0.0010795233224948437,304.66748046875,411.3486022949219,57.69105792045593
21,0.0033755115918157733,0.0011959406099497126,328.3790283203125,435.49420166015625,57.71560597419739
22,0.003310925168368746,0.0009931669695875966,291.6177062988281,394.7982177734375,57.789143562316895
23,0.003227393251076779,0.0009732267174583215,285.65374755859375,386.65423583984375,58.26795530319214
24,0.003268344881122603,0.0009238380410421926,275.3856201171875,376.08624267578125,57.74377131462097
25,0.0032896234900416698,0.0009771824966614635,284.11346435546875,382.8489685058594,58.24393343925476
26,0.003112096870865892,0.0011135124726794087,312.0307312011719,414.6181945800781,57.87761640548706
27,0.0032230603399083894,0.000875821032633002,265.1771240234375,361.8006286621094,57.6115562915802
28,0.0031779926379813866,0.0009226550688393987,275.03607177734375,372.2601623535156,57.971315145492554
29,0.003149455873405232,0.0008552845952530893,258.99224853515625,353.42913818359375,57.69912338256836
30,0.0030786859282456776,0.0008910296959444308,266.5716857910156,358.2378234863281,57.54470109939575
31,0.0030444907065590517,0.0008707877132110298,263.2491760253906,357.42535400390625,58.16313815116882
32,0.003087785325067885,0.0007398312714380714,239.74423217773438,329.3730163574219,57.469842195510864
33,0.0030191362232846373,0.0007814013739474691,247.99241638183594,336.3544006347656,58.080817222595215
34,0.002987870089161922,0.0008439674991397903,254.3978271484375,346.5579528808594,57.94620728492737
35,0.0029563158093129887,0.0007076184422028466,222.68572998046875,308.1658630371094,57.830074071884155
36,0.0029130038613563074,0.00071597923614228,220.38906860351562,302.5799865722656,57.96160268783569
37,0.00290320924592807,0.0006302777753892139,204.951171875,279.98065185546875,58.11625123023987
38,0.002915365231113837,0.0006305816193791822,196.5161590576172,265.4429931640625,57.82741975784302
39,0.002937064108931843,0.0007187040889850602,217.7057647705078,294.2720947265625,58.315495014190674
40,0.0027811102130833793,0.0004954391244189957,161.73387145996094,228.31533813476562,57.98314595222473
41,0.0029422654332045247,0.0005853478102765691,175.56704711914062,247.7393341064453,57.526106119155884
42,0.002927235174266731,0.0004670115214629242,138.7803497314453,198.73779296875,57.84035325050354
43,0.0028094939380774605,0.00044518258744994033,139.07431030273438,197.2847900390625,57.79435992240906
44,0.00273146228864789,0.0005054016387125907,158.27796936035156,223.45751953125,58.04964852333069
45,0.0028549800106488607,0.00045051362114743545,134.53408813476562,190.26113891601562,57.64354205131531
46,0.0027216294931028694,0.00047875798638695135,150.5758056640625,211.97738647460938,57.80630421638489
47,0.002708016414030948,0.0005048098727666701,154.6553497314453,212.35879516601562,57.74570655822754
48,0.00270254897118053,0.00041747319874747726,133.01991271972656,189.3489227294922,58.025883197784424
49,0.002629029396099641,0.0005385024840227113,169.40890502929688,232.76499938964844,58.22368550300598
50,0.0026604021584395975,0.0005016892839473888,164.04835510253906,225.7864532470703,57.66289234161377
51,0.0026582528864417007,0.0004052285713931689,129.8751220703125,179.6138458251953,57.93500566482544
52,0.0027117287315537825,0.0004363580228528008,143.4833984375,202.4242401123047,57.89055371284485
53,0.002508173181730158,0.0004285638715373352,123.74606323242188,174.5354766845703,57.924219369888306
54,0.0026549909729510547,0.00037213336998740066,109.08295440673828,155.18759155273438,58.02959752082825
55,0.0025753640419091373,0.0004188707702829001,143.0948028564453,208.99786376953125,58.01516628265381
56,0.0025660612702588827,0.00044670080331763107,146.78744506835938,209.47970581054688,57.657137632369995
57,0.00259342230445541,0.00044615824075523193,143.40414428710938,197.71766662597656,57.970946073532104
58,0.0025206043768455,0.00035470832461634505,121.05121612548828,181.6457061767578,58.01933574676514
59,0.0025249890339396454,0.0004627196848070106,161.41183471679688,230.05897521972656,57.930477142333984
60,0.002488438638529795,0.0004451589529008533,161.79025268554688,226.5467987060547,57.899367332458496
61,0.0024042458944570494,0.0003464407368133274,124.43399047851562,181.7455596923828,58.036187171936035
62,0.0024768709506401243,0.00037221515622849646,137.55271911621094,196.70350646972656,57.62253737449646
63,0.0024077715721967465,0.0004962855242550946,181.66940307617188,253.18722534179688,58.11299276351929
64,0.0024558157345060914,0.0004502121256127094,168.38258361816406,243.0474395751953,57.740962982177734
65,0.002407563116182299,0.0003121570077312824,108.51982879638672,174.6807403564453,57.84443140029907
66,0.0023735974614015397,0.00034794706040814234,127.13740539550781,200.5628662109375,58.24410080909729
67,0.002416590801166261,0.00040118573255872785,146.9258270263672,215.2776336669922,58.08383774757385
68,0.0023720627636922634,0.0003363521615168653,131.15106201171875,203.44158935546875,58.01317501068115
69,0.0023963839993538225,0.0003139325814957444,101.00918579101562,168.0922088623047,57.97567129135132
70,0.0024203248458969243,0.0003605612302915408,131.6021270751953,201.66331481933594,58.36413240432739
71,0.002338918235481662,0.00030270172842742445,91.77424621582031,158.19007873535156,57.66839361190796
72,0.002347182479741819,0.0003356910646499063,121.83248901367188,189.82455444335938,57.82598686218262
73,0.002295396668726907,0.00030723667385665554,112.70243835449219,191.30699157714844,57.674355268478394
74,0.0022822912631775528,0.00031518886680714786,122.35891723632812,202.95689392089844,57.72710561752319
75,0.002228939052506843,0.0004072852730482387,155.84779357910156,237.766845703125,58.2346134185791
76,0.002215477909125826,0.0003118845410286807,118.06098175048828,199.2144775390625,58.1724374294281
77,0.002304310191367917,0.00035018897995961685,145.4502410888672,240.9391326904297,58.74566173553467
78,0.002197980897172409,0.0004018347871561463,146.51434326171875,226.5863037109375,57.66756796836853
79,0.0022993255694232443,0.0003019474869898449,122.7190170288086,200.29661560058594,58.04220914840698
80,0.0022637736695982954,0.0002735759760700883,109.44252014160156,184.473388671875,58.18536329269409
81,0.0022013823981122936,0.00025050993281183764,89.26219940185547,168.949462890625,58.36733055114746
82,0.0023004516589400525,0.0004090709822216573,158.5857696533203,254.40728759765625,58.07192611694336
83,0.002195806599989095,0.0004014530422864482,163.49893188476562,254.5760955810547,57.99511909484863
84,0.0021709963350611573,0.00022467660122716692,71.89166259765625,165.4042205810547,57.96473479270935
85,0.0021556577097405407,0.00031204919538980065,124.50032806396484,218.0342254638672,57.800018548965454
86,0.0022218741394360274,0.00027972990546214324,109.1329574584961,201.44110107421875,57.78608012199402
87,0.002200523906332605,0.00028479826253785106,109.83968353271484,201.05638122558594,57.76027178764343
88,0.0022065440384561523,0.0003638016944303392,147.38706970214844,232.1140594482422,57.77255082130432
89,0.002123852461740813,0.00032261800571667176,129.8392333984375,205.00462341308594,57.60471248626709
90,0.0021407870342954995,0.00038095590291329875,148.96920776367188,247.80650329589844,57.581445932388306
91,0.0022194226847632842,0.00026416177962136525,107.94307708740234,188.4650115966797,57.57207131385803
92,0.00214814822162118,0.0002521212924106154,97.10272216796875,171.69277954101562,58.20467281341553
93,0.002116632149965667,0.00024366865125977292,82.92806243896484,157.11480712890625,58.0813467502594
94,0.0021139680654467907,0.00034321420333491493,142.85252380371094,226.02920532226562,57.996909379959106
95,0.0020842842209865065,0.0002798936917455509,112.62109375,187.14999389648438,57.68077516555786
