actual_weight_kg,predicted_weight_kg,error_kg,abs_error_kg,error_percent
1413.9999,1591.7504,177.75049,177.75049,12.570757
210.0,215.63365,5.6336517,5.6336517,2.6826913
1499.9998,1587.7241,87.724365,87.724365,5.848292
1050.0002,1261.016,211.01575,211.01575,20.096733
1850.0001,2179.2136,329.2135,329.2135,17.795322
1300.0,1490.7175,190.71753,190.71753,14.670579
3120.0005,3705.8418,585.8413,585.8413,18.776962
1413.9999,1571.3721,157.3722,157.3722,11.129576
122.99999,127.32408,4.324089,4.324089,3.5155199
1850.0001,2166.193,316.193,316.193,17.091513
1609.9996,1804.1669,194.16724,194.16724,12.06008
1609.9996,1863.7412,253.74158,253.74158,15.76035
1850.0001,2140.6536,290.65344,290.65344,15.710996
84.999985,86.88674,1.8867569,1.8867569,2.2197144
1413.9999,1636.4791,222.47925,222.47925,15.734036
114.99999,117.24627,2.2462769,2.2462769,1.9532845
1300.0,1477.0713,177.07129,177.07129,13.620869
1413.9999,1587.6029,173.60303,173.60303,12.277443
81.0,87.76111,6.7611084,6.7611084,8.347047
140.00002,140.41783,0.41781616,0.41781616,0.2984401
1413.9999,1557.6694,143.66956,143.66956,10.160507
122.99999,129.43529,6.435295,6.435295,5.2319474
61.999992,67.07614,5.076149,5.076149,8.187338
1413.9999,1587.178,173.1781,173.1781,12.247392
1850.0001,2144.2214,294.2213,294.2213,15.903854
1850.0001,2171.8054,321.8053,321.8053,17.39488
1550.0002,1805.9186,255.91833,255.91833,16.510859
399.99997,452.85178,52.851807,52.851807,13.212952
159.99997,173.45435,13.454376,13.454376,8.408987
1413.9999,1579.8363,165.83643,165.83643,11.728178
399.99997,451.2831,51.283142,51.283142,12.820786
1413.9999,1569.6658,155.6659,155.6659,11.008904
61.999992,66.17881,4.1788177,4.1788177,6.7400293
1300.0,1468.551,168.55103,168.55103,12.965463
494.99997,501.99493,6.9949646,6.9949646,1.4131242
1300.0,1463.3057,163.30566,163.30566,12.561974
494.99997,500.47757,5.4776,5.4776,1.106586
1850.0001,2057.859,207.85876,207.85876,11.235608
1245.0,1462.5482,217.54822,217.54822,17.473753
1300.0,1470.4653,170.46533,170.46533,13.112718
1300.0,1497.7433,197.74329,197.74329,15.211021
1413.9999,1567.8446,153.84473,153.84473,10.880109
152.0,149.59406,-2.4059448,2.4059448,1.5828586
98.00001,106.76322,8.763214,8.763214,8.942054
1300.0,1456.5914,156.59143,156.59143,12.045494
98.00001,106.5148,8.514793,8.514793,8.688564
1850.0001,2199.8806,349.8805,349.8805,18.912458
84.999985,94.28009,9.280106,9.280106,10.917773
84.999985,93.634094,8.6341095,8.6341095,10.157778
1300.0,1468.7612,168.76123,168.76123,12.981634
1300.0,1493.5405,193.54053,193.54053,14.8877325
140.00002,139.70396,-0.29605103,0.29605103,0.21146499
399.99997,431.42395,31.42398,31.42398,7.8559957
1245.0,1455.5388,210.53882,210.53882,16.910748
1300.0,1446.1072,146.10718,146.10718,11.239014
84.999985,90.98074,5.9807587,5.9807587,7.036188
3120.0005,3662.1074,542.10693,542.10693,17.37522
1609.9996,1813.7771,203.77747,203.77747,12.656988
1850.0001,2135.9253,285.92517,285.92517,15.455415
1300.0,1473.0742,173.07422,173.07422,13.3134
51.999996,57.869358,5.869362,5.869362,11.287235
1850.0001,2188.302,338.30188,338.30188,18.286587
114.99999,116.2764,1.2764053,1.2764053,1.1099178
1850.0001,2220.0996,370.0995,370.0995,20.005377
84.999985,94.24384,9.243858,9.243858,10.87513
1850.0001,2037.1459,187.14575,187.14575,10.115986
1050.0002,1229.3632,179.36292,179.36292,17.082178
1050.0002,1248.2482,198.24792,198.24792,18.88075
84.999985,86.962585,1.9626007,1.9626007,2.3089423
1550.0002,1736.6138,186.61353,186.61353,12.03958
81.0,84.37192,3.3719177,3.3719177,4.1628613
1413.9999,1575.9049,161.90503,161.90503,11.450145
1245.0,1442.94,197.93994,197.93994,15.898791
140.00002,139.98846,-0.011550903,0.011550903,0.008250644
152.0,151.52776,-0.47224426,0.47224426,0.31068704
1300.0,1490.6833,190.68335,190.68335,14.667951
3450.0007,3704.128,254.1272,254.1272,7.366004
1850.0001,2067.6218,217.6217,217.6217,11.763334
1300.0,1456.1724,156.17236,156.17236,12.013259
114.99999,116.81324,1.8132477,1.8132477,1.5767372
1245.0,1426.0046,181.00464,181.00464,14.538525
1413.9999,1561.3564,147.35657,147.35657,10.421257
1050.0002,1271.0021,221.00183,221.00183,21.047789
3450.0007,3689.222,239.22119,239.22119,6.933946
1300.0,1445.8271,145.82715,145.82715,11.217473
1300.0,1461.0507,161.05066,161.05066,12.388513
1850.0001,2114.7185,264.71838,264.71838,14.309101
152.0,147.65758,-4.3424225,4.3424225,2.856857
1245.0,1470.2527,225.25269,225.25269,18.092585
1850.0001,2103.294,253.29382,253.29382,13.691557
114.99999,115.7675,0.76750946,0.76750946,0.6673996
1499.9998,1684.8893,184.88953,184.88953,12.32597
1850.0001,2092.033,242.03284,242.03284,13.082854
355.00006,369.40643,14.406372,14.406372,4.058132
1300.0,1472.9246,172.92456,172.92456,13.301889
494.99997,504.84204,9.842072,9.842072,1.9882973
1300.0,1461.2305,161.23047,161.23047,12.402344
1413.9999,1555.4688,141.46887,141.46887,10.004871
1300.0,1455.3062,155.30615,155.30615,11.946627
1050.0002,1222.9032,172.90295,172.90295,16.466944
122.99999,129.39648,6.396492,6.396492,5.2004004
1850.0001,2138.6548,288.65466,288.65466,15.602954
1235.0,1441.0952,206.09521,206.09521,16.687872
399.99997,418.03275,18.032776,18.032776,4.5081944
198.49997,204.52707,6.0270996,6.0270996,3.0363226
84.999985,94.02225,9.022263,9.022263,10.6144285
1300.0,1481.1812,181.18115,181.18115,13.937012
399.99997,420.29932,20.299347,20.299347,5.074837
1300.0,1485.0748,185.07483,185.07483,14.236525
1550.0002,1780.1924,230.19214,230.19214,14.851104
1413.9999,1545.5249,131.52502,131.52502,9.301629
1050.0002,1251.051,201.05078,201.05078,19.14769
1499.9998,1636.3605,136.36072,136.36072,9.090715
355.00006,370.95367,15.953613,15.953613,4.4939747
210.0,211.25807,1.2580719,1.2580719,0.5990819
319.99994,181.2403,-138.75964,138.75964,43.362396
1850.0001,2185.1465,335.14636,335.14636,18.116018
1413.9999,1619.3038,205.30396,205.30396,14.519376
220.00003,240.60835,20.608322,20.608322,9.367417
1245.0,1443.075,198.07495,198.07495,15.909635
494.99997,501.12936,6.1293945,6.1293945,1.2382616
1850.0001,2169.3162,319.31604,319.31604,17.260324
1050.0002,1225.0544,175.0542,175.0542,16.671825
1550.0002,1742.4125,192.41223,192.41223,12.413691
1300.0,1469.9419,169.9419,169.9419,13.0724535
1413.9999,1565.9598,151.95996,151.95996,10.746816
494.99997,499.87604,4.876068,4.876068,0.9850644
140.00002,143.10895,3.1089325,3.1089325,2.220666
1850.0001,2012.8745,162.87439,162.87439,8.80402
1050.0002,1254.8419,204.84167,204.84167,19.508726
1413.9999,1602.132,188.13208,188.13208,13.304957
84.999985,94.048386,9.048401,9.048401,10.64518
84.999985,89.33197,4.3319855,4.3319855,5.0964546
1300.0,1490.9395,190.93945,190.93945,14.68765
1413.9999,1606.5435,192.54358,192.54358,13.616945
198.49997,197.74399,-0.75598145,0.75598145,0.38084713
1850.0001,2002.7765,152.77637,152.77637,8.258182
84.999985,91.65129,6.651306,6.651306,7.8250675
1413.9999,1587.0486,173.0487,173.0487,12.23824
1413.9999,1574.247,160.24707,160.24707,11.332891
210.0,210.13628,0.13627625,0.13627625,0.064893454
140.00002,141.33641,1.3363953,1.3363953,0.9545679
1609.9996,1811.3557,201.35608,201.35608,12.506592
114.99999,115.79451,0.7945175,0.7945175,0.6908848
1499.9998,1688.5002,188.50049,188.50049,12.566701
3450.0007,3700.6418,250.64111,250.64111,7.2649584
140.00002,140.4119,0.4118805,0.4118805,0.29420033
355.00006,367.55914,12.559082,12.559082,3.5377688
1413.9999,1574.8796,160.87976,160.87976,11.377636
1050.0002,1283.611,233.61072,233.61072,22.248634
1413.9999,1549.8835,135.88367,135.88367,9.609879
1499.9998,1667.4615,167.46179,167.46179,11.164122
3450.0007,3669.15,219.14917,219.14917,6.352148
1300.0,1461.5826,161.58264,161.58264,12.429434
1499.9998,1738.3512,238.35144,238.35144,15.8901
1300.0,1497.4653,197.46533,197.46533,15.18964
1413.9999,1575.7666,161.76672,161.76672,11.440364
1050.0002,1335.7596,285.7594,285.7594,27.215174
1413.9999,1586.5844,172.58447,172.58447,12.205409
1300.0,1485.4398,185.43982,185.43982,14.264602
220.00003,233.04848,13.048447,13.048447,5.9311113
3120.0005,3692.644,572.64355,572.64355,18.353956
198.49997,212.30902,13.8090515,13.8090515,6.9567018
1413.9999,1572.2157,158.21582,158.21582,11.189239
3120.0005,3698.6304,578.6299,578.6299,18.545828
122.99999,130.78366,7.7836685,7.7836685,6.3281865
84.999985,90.50143,5.501442,5.501442,6.4722857
1413.9999,1597.8752,183.87537,183.87537,13.003917
1413.9999,1571.8527,157.85278,157.85278,11.163564
1413.9999,1540.2751,126.27527,126.27527,8.930359
1235.0,1408.5034,173.50342,173.50342,14.04886
1300.0,1465.8816,165.88159,165.88159,12.760122
1413.9999,1623.3783,209.37842,209.37842,14.807527
3120.0005,3700.7478,580.7473,580.7473,18.613693
1300.0,1456.4913,156.49133,156.49133,12.037795
140.00002,138.71461,-1.2854004,1.2854004,0.91814303
1850.0001,2077.747,227.74695,227.74695,12.310645
1300.0,1522.7866,222.78662,222.78662,17.137432
81.0,89.32805,8.328049,8.328049,10.281542
84.999985,96.91789,11.917908,11.917908,14.0210705
1300.0,1479.6023,179.6023,179.6023,13.815561
1413.9999,1607.4099,193.41003,193.41003,13.678222
140.00002,140.32265,0.32263184,0.32263184,0.23045127
114.99999,117.454735,2.4547424,2.4547424,2.1345587
220.00003,230.53052,10.530487,10.530487,4.7865844
1413.9999,1572.648,158.64807,158.64807,11.219808
399.99997,433.06943,33.069458,33.069458,8.267365
494.99997,497.0721,2.0721436,2.0721436,0.41861486
198.49997,200.02536,1.5253906,1.5253906,0.7684589
1413.9999,1598.248,184.24817,184.24817,13.030282
1245.0,1405.2589,160.25891,160.25891,12.872201
1300.0,1485.0754,185.07544,185.07544,14.236572
61.999992,65.368996,3.3690033,3.3690033,5.433877
1850.0001,2133.2817,283.28162,283.28162,15.312518
1413.9999,1569.2695,155.26965,155.26965,10.980882
1413.9999,1543.9491,129.94922,129.94922,9.1901865
98.00001,107.827965,9.827957,9.827957,10.028527
1300.0,1478.7251,178.7251,178.7251,13.748084
140.00002,137.85341,-2.1466064,2.1466064,1.5332901
1300.0,1494.9751,194.9751,194.9751,14.998084
1413.9999,1563.1007,149.10083,149.10083,10.544614
1300.0,1497.1809,197.18091,197.18091,15.167763
1050.0002,1268.979,218.97876,218.97876,20.855116
81.0,86.49077,5.4907684,5.4907684,6.7787266
355.00006,369.5066,14.506531,14.506531,4.0863457
84.999985,90.06789,5.0679016,5.0679016,5.9622383
399.99997,446.85748,46.857513,46.857513,11.714379
494.99997,496.9624,1.9624329,1.9624329,0.39645112
140.00002,143.09074,3.0907288,3.0907288,2.207663
1300.0,1472.8795,172.87952,172.87952,13.298425
1413.9999,1584.5879,170.58801,170.58801,12.064217
1499.9998,1719.478,219.47827,219.47827,14.6318865
3450.0007,3697.2615,247.26074,247.26074,7.1669765
1413.9999,1583.8939,169.89404,169.89404,12.015139
1300.0,1483.1584,183.15845,183.15845,14.089112
1050.0002,1262.2985,212.29822,212.29822,20.218872
198.49997,207.4364,8.936432,8.936432,4.5019817
1850.0001,2153.388,303.38782,303.38782,16.39934
1300.0,1458.1875,158.1875,158.1875,12.168269
1050.0002,1297.7332,247.73291,247.73291,23.593605
198.49997,189.59135,-8.908615,8.908615,4.487968
140.00002,140.31833,0.3183136,0.3183136,0.22736683
494.99997,505.11853,10.118561,10.118561,2.0441537
1850.0001,2098.6343,248.63416,248.63416,13.439684
81.0,88.972244,7.9722443,7.9722443,9.842277
494.99997,502.1643,7.164337,7.164337,1.447341
159.99997,169.31595,9.315979,9.315979,5.822488
1850.0001,2219.353,369.3529,369.3529,19.965021
61.999992,68.237335,6.237343,6.237343,10.060231
1300.0,1443.0247,143.02466,143.02466,11.001897
1499.9998,1760.4972,260.49744,260.49744,17.366499
1550.0002,1718.5955,168.59521,168.59521,10.877109
3120.0005,3702.1602,582.15967,582.15967,18.658962
140.00002,143.35434,3.3543243,3.3543243,2.3959458
140.00002,139.79248,-0.20753479,0.20753479,0.14823912
198.49997,209.09132,10.591354,10.591354,5.3356957
494.99997,495.74863,0.7486572,0.7486572,0.1512439
1300.0,1472.8627,172.86267,172.86267,13.297129
1413.9999,1554.9226,140.92273,140.92273,9.966248
84.999985,93.2518,8.251816,8.251816,9.70802
1235.0,1481.649,246.64905,246.64905,19.971582
152.0,154.545,2.5449982,2.5449982,1.6743408
101.99999,114.45286,12.452866,12.452866,12.208693
220.00003,223.37112,3.3710938,3.3710938,1.5323151
1499.9998,1824.2694,324.26965,324.26965,21.617981
114.99999,115.440895,0.4409027,0.4409027,0.38339368
1300.0,1459.3875,159.38745,159.38745,12.260573
1413.9999,1573.0201,159.02026,159.02026,11.24613
101.99999,109.10349,7.1035004,7.1035004,6.964216
1300.0,1489.958,189.95801,189.95801,14.612155
1499.9998,1643.487,143.4873,143.4873,9.565822
1413.9999,1595.1055,181.10559,181.10559,12.808034
1550.0002,1744.2798,194.27954,194.27954,12.5341625
1300.0,1477.3413,177.34131,177.34131,13.641639
1050.0002,1258.5092,208.50891,208.50891,19.857986
1550.0002,1725.474,175.47375,175.47375,11.320886
1850.0001,2171.3167,321.31653,321.31653,17.36846
3450.0007,3690.063,240.06226,240.06226,6.9583244
399.99997,407.7045,7.704529,7.704529,1.9261323
1850.0001,2088.7031,238.703,238.703,12.902864
1235.0,1465.7361,230.73608,230.73608,18.683083
1300.0,1485.2343,185.23425,185.23425,14.248789
1050.0002,1277.1448,227.14453,227.14453,21.632807
1300.0,1465.508,165.50806,165.50806,12.73139
1300.0,1439.4081,139.40808,139.40808,10.723699
81.0,87.55873,6.558731,6.558731,8.0971985
3450.0007,3709.9272,259.9265,259.9265,7.5341
152.0,148.61156,-3.388443,3.388443,2.2292387
98.00001,106.50434,8.5043335,8.5043335,8.677891
1050.0002,1341.1394,291.13916,291.13916,27.727531
84.999985,90.87589,5.875908,5.875908,6.912834
1300.0,1478.6382,178.63818,178.63818,13.7414
159.99997,207.54019,47.540222,47.540222,29.712645
1245.0,1391.0344,146.03442,146.03442,11.729672
1413.9999,1625.6074,211.60754,211.60754,14.965174
494.99997,495.49097,0.4909973,0.4909973,0.09919138
98.00001,105.77562,7.775612,7.775612,7.934297
1050.0002,1272.6924,222.69214,222.69214,21.20877
1050.0002,1277.4172,227.41699,227.41699,21.658756
1550.0002,1777.413,227.41272,227.41272,14.671786
159.99997,187.15509,27.15512,27.15512,16.971952
1850.0001,2102.8354,252.83533,252.83533,13.666773
140.00002,142.04681,2.0467987,2.0467987,1.4619989
1413.9999,1599.593,185.59314,185.59314,13.125401
220.00003,228.64977,8.6497345,8.6497345,3.9316971
1413.9999,1609.4504,195.45056,195.45056,13.82253
140.00002,143.61414,3.6141205,3.6141205,2.5815144
84.999985,88.60977,3.609787,3.609787,4.246809
140.00002,139.36208,-0.63793945,0.63793945,0.45567098
1850.0001,2063.2468,213.2467,213.2467,11.526849
1300.0,1477.7714,177.77136,177.77136,13.67472
198.49997,203.18082,4.680847,4.680847,2.3581097
98.00001,105.8482,7.8481903,7.8481903,8.008357
220.00003,227.38017,7.380142,7.380142,3.3546097
159.99997,183.12103,23.121063,23.121063,14.450667
3450.0007,3674.3862,224.3855,224.3855,6.5039263
1413.9999,1569.5511,155.55127,155.55127,11.000798
122.99999,128.36977,5.369774,5.369774,4.3656697
1300.0,1484.9883,184.98828,184.98828,14.229868
114.99999,114.79965,-0.20034027,0.20034027,0.17420894
1300.0,1492.6144,192.61438,192.61438,14.816491
140.00002,140.96678,0.96676636,0.96676636,0.69054735
198.49997,186.67758,-11.822388,11.822388,5.955864
84.999985,92.17626,7.176277,7.176277,8.44268
135.0,131.58156,-3.4184418,3.4184418,2.532179
1550.0002,1772.4631,222.46289,222.46289,14.352443
1850.0001,2141.4666,291.46643,291.46643,15.754941
98.00001,107.844986,9.844978,9.844978,10.045896
140.00002,140.61378,0.61376953,0.61376953,0.43840674
122.99999,128.71445,5.7144547,5.7144547,4.6458983
1300.0,1456.3884,156.38843,156.38843,12.029879
355.00006,370.57275,15.572693,15.572693,4.386673
198.49997,207.60732,9.107346,9.107346,4.588084
1413.9999,1588.8351,174.8352,174.8352,12.364584
140.00002,140.28807,0.28805542,0.28805542,0.20575386
1245.0,1432.1438,187.1438,187.1438,15.03163
1850.0001,2113.6252,263.62512,263.62512,14.250006
198.49997,194.01826,-4.4817047,4.4817047,2.257786
1300.0,1495.8942,195.89417,195.89417,15.068781
98.00001,106.47779,8.477783,8.477783,8.650799
1300.0,1502.9429,202.94287,202.94287,15.61099
84.999985,95.202774,10.202789,10.202789,12.0032835
1413.9999,1557.6478,143.64795,143.64795,10.158979
1050.0002,1251.0116,201.01135,201.01135,19.143934
1300.0,1491.9337,191.93372,191.93372,14.764132
81.0,88.14719,7.1471863,7.1471863,8.823687
1413.9999,1582.9541,168.95422,168.95422,11.948673
159.99997,155.86478,-4.135193,4.135193,2.584496
101.99999,107.97217,5.9721756,5.9721756,5.8550744
1050.0002,1242.5017,192.50146,192.50146,18.333467
140.00002,140.60352,0.60350037,0.60350037,0.43107164
1499.9998,1679.8196,179.81982,179.81982,11.98799
140.00002,141.6363,1.6362915,1.6362915,1.1687796
1245.0,1438.0837,193.08374,193.08374,15.508734
140.00002,142.32047,2.3204498,2.3204498,1.657464
1235.0,1463.5157,228.51575,228.51575,18.5033
3120.0005,3689.3906,569.39014,569.39014,18.249681
1850.0001,2085.102,235.10193,235.10193,12.708211
198.49997,207.3114,8.811432,8.811432,4.439009
1550.0002,1759.8665,209.86621,209.86621,13.539754
1499.9998,1818.0153,318.0155,318.0155,21.201036
135.0,136.46541,1.4654083,1.4654083,1.0854876
1300.0,1480.2336,180.23364,180.23364,13.864127
98.00001,104.7417,6.7416916,6.7416916,6.8792768
1850.0001,2128.9407,278.94055,278.94055,15.077867
1609.9996,1792.5684,182.56873,182.56873,11.339675
399.99997,423.35425,23.354279,23.354279,5.83857
140.00002,140.18692,0.1869049,0.1869049,0.1335035
84.999985,88.8909,3.890915,3.890915,4.5775476
1300.0,1462.6564,162.65637,162.65637,12.512028
210.0,206.22983,-3.770172,3.770172,1.79532
1609.9996,1780.1847,170.18506,170.18506,10.570503
1609.9996,1720.6622,110.6626,110.6626,6.873455
135.0,134.10988,-0.89012146,0.89012146,0.65934926
1235.0,1472.3125,237.3125,237.3125,19.215588
122.99999,132.78436,9.78437,9.78437,7.9547734
1413.9999,1565.5533,151.55347,151.55347,10.718068
1245.0,1485.0259,240.02588,240.02588,19.279186
1413.9999,1585.6406,171.64075,171.64075,12.138668
1850.0001,2231.0203,381.02014,381.02014,20.595682
3120.0005,3702.2307,582.2302,582.2302,18.661222
1850.0001,2116.604,266.60388,266.60388,14.41102
1413.9999,1579.3253,165.32544,165.32544,11.69204
1850.0001,2166.3635,316.3634,316.3634,17.100723
3120.0005,3692.7004,572.69995,572.69995,18.355764
1300.0,1453.5753,153.57532,153.57532,11.813486
140.00002,141.93398,1.93396,1.93396,1.3813999
1300.0,1397.3026,97.30261,97.30261,7.484816
98.00001,104.77281,6.7728043,6.7728043,6.9110246
152.0,147.60153,-4.398468,4.398468,2.893729
1413.9999,1605.1061,191.1062,191.1062,13.51529
399.99997,398.93747,-1.0625,1.0625,0.26562503
1413.9999,1645.4337,231.43384,231.43384,16.367317
1850.0001,1986.6,136.59985,136.59985,7.3837757
220.00003,230.72026,10.72023,10.72023,4.8728313
140.00002,141.77151,1.7714996,1.7714996,1.2653568
3450.0007,3726.1038,276.10303,276.10303,8.002985
220.00003,224.49625,4.496216,4.496216,2.043734
1235.0,1437.0706,202.07056,202.07056,16.36199
1300.0,1492.8402,192.84021,192.84021,14.833861
1850.0001,2012.1774,162.17725,162.17725,8.766336
1050.0002,1291.8541,241.85388,241.85388,23.033697
152.0,146.86,-5.1399994,5.1399994,3.3815787
1413.9999,1590.2275,176.22766,176.22766,12.46306
122.99999,131.18878,8.188789,8.188789,6.6575527
198.49997,204.19559,5.6956177,5.6956177,2.8693292
1300.0,1473.7161,173.71606,173.71606,13.362774
61.999992,68.37862,6.378624,6.378624,10.288104
1413.9999,1546.9791,132.97925,132.97925,9.404473
1413.9999,1617.5123,203.51245,203.51245,14.392678
1413.9999,1531.4607,117.460815,117.460815,8.306989
84.999985,85.706696,0.7067108,0.7067108,0.83142465
140.00002,141.10867,1.1086578,1.1086578,0.79189837
1300.0,1459.2051,159.20508,159.20508,12.246545
210.0,210.66034,0.66033936,0.66033936,0.3144473
1235.0,1356.301,121.301025,121.301025,9.821945
159.99997,165.71127,5.7113037,5.7113037,3.5695653
122.99999,129.45694,6.4569473,6.4569473,5.249551
494.99997,505.07968,10.079712,10.079712,2.0363054
210.0,216.59969,6.5996857,6.5996857,3.1427073
1300.0,1460.2715,160.27148,160.27148,12.328575
1050.0002,1278.6229,228.62268,228.62268,21.773584
1850.0001,2232.9612,382.96106,382.96106,20.700596
1499.9998,1796.2856,296.2859,296.2859,19.752396
1550.0002,1723.7673,173.76709,173.76709,11.210778
1300.0,1465.1997,165.1997,165.1997,12.70767
1850.0001,2211.7979,361.79773,361.79773,19.556633
1850.0001,2192.348,342.34778,342.34778,18.505283
135.0,132.83578,-2.164215,2.164215,1.6031222
494.99997,505.42993,10.429962,10.429962,2.107063
114.99999,116.69976,1.6997681,1.6997681,1.4780593
152.0,149.5535,-2.4465027,2.4465027,1.6095413
135.0,132.81001,-2.1899872,2.1899872,1.6222126
1235.0,1396.3094,161.30945,161.30945,13.061494
101.99999,89.319,-12.680992,12.680992,12.432346
1413.9999,1568.8489,154.849,154.849,10.951133
1050.0002,1243.8063,193.80603,193.80603,18.457712
1850.0001,2099.9705,249.97034,249.97034,13.5119095
84.999985,90.697754,5.697769,5.697769,6.703259
1413.9999,1553.0845,139.0846,139.0846,9.836252
1413.9999,1549.0266,135.02673,135.02673,9.549275
1300.0,1461.709,161.70898,161.70898,12.439153
1300.0,1469.313,169.31299,169.31299,13.0240755
159.99997,179.03015,19.030182,19.030182,11.893867
1413.9999,1594.9556,180.95569,180.95569,12.797433
210.0,207.72372,-2.2762756,2.2762756,1.0839407
198.49997,201.82849,3.3285217,3.3285217,1.6768373
1499.9998,1776.9882,276.9884,276.9884,18.465897
135.0,132.9686,-2.0314026,2.0314026,1.5047426
114.99999,114.13927,-0.8607254,0.8607254,0.7484569
1850.0001,2020.1609,170.16077,170.16077,9.197879
494.99997,496.78293,1.782959,1.782959,0.36019376
140.00002,141.01526,1.0152435,1.0152435,0.72517383
1850.0001,2041.3828,191.38269,191.38269,10.34501
84.999985,93.025024,8.02504,8.02504,9.441224
1499.9998,1787.8076,287.80786,287.80786,19.187195
3450.0007,3698.175,248.17432,248.17432,7.1934566
1300.0,1469.4763,169.47632,169.47632,13.03664
1050.0002,1275.983,225.98279,225.98279,21.522165
1050.0002,1289.7357,239.73547,239.73547,22.831945
1413.9999,1558.5734,144.57349,144.57349,10.224434
140.00002,140.677,0.6769867,0.6769867,0.48356187
1300.0,1457.4438,157.44385,157.44385,12.111066
210.0,215.44336,5.4433594,5.4433594,2.5920758
210.0,210.2548,0.25480652,0.25480652,0.121336445
399.99997,402.36533,2.3653564,2.3653564,0.5913392
1300.0,1477.3596,177.35962,177.35962,13.643047
159.99997,180.16498,20.165009,20.165009,12.603132
1235.0,1393.6808,158.68079,158.68079,12.848647
1235.0,1432.6278,197.6278,197.6278,16.00225
1850.0001,2159.3525,309.35242,309.35242,16.72175
220.00003,226.89696,6.896927,6.896927,3.1349664
140.00002,143.55782,3.5578003,3.5578003,2.5412855
494.99997,496.69107,1.6911011,1.6911011,0.3416366
1499.9998,1627.6813,127.68152,127.68152,8.512103
3120.0005,3685.3174,565.3169,565.3169,18.119127
1550.0002,1735.498,185.4978,185.4978,11.967599
114.99999,115.64657,0.6465759,0.6465759,0.56224
1245.0,1413.7678,168.76782,168.76782,13.555649
3450.0007,3685.975,235.97437,235.97437,6.8398347
198.49997,202.80594,4.305969,4.305969,2.1692543
1850.0001,2012.1611,162.16101,162.16101,8.76546
61.999992,65.04358,3.0435867,3.0435867,4.9090114
152.0,151.11072,-0.8892822,0.8892822,0.5850541
84.999985,94.131454,9.13147,9.13147,10.742908
1413.9999,1580.4432,166.44336,166.44336,11.771102
1235.0,1391.7296,156.72961,156.72961,12.690658
1050.0002,1267.4872,217.48694,217.48694,20.713037
3120.0005,3698.4573,578.4568,578.4568,18.540277
1850.0001,2133.1077,283.10754,283.10754,15.303109
84.999985,89.29622,4.296234,4.296234,5.0543942
1413.9999,1579.2681,165.26819,165.26819,11.687992
98.00001,105.61566,7.615654,7.615654,7.771075
1050.0002,1254.3431,204.3429,204.3429,19.461224
1300.0,1452.5984,152.59839,152.59839,11.7383375
1300.0,1506.0073,206.00732,206.00732,15.846718
198.49997,190.15164,-8.348328,8.348328,4.205707
1850.0001,2187.5474,337.54724,337.54724,18.245796
1850.0001,2145.035,295.0348,295.0348,15.9478245
210.0,212.93732,2.937317,2.937317,1.3987224
61.999992,68.31087,6.310875,6.310875,10.178832
3450.0007,3674.0078,224.00708,224.00708,6.4929576
1413.9999,1564.1012,150.10132,150.10132,10.61537
1850.0001,2177.7805,327.7804,327.7804,17.717857
1413.9999,1575.868,161.86816,161.86816,11.447537
140.00002,142.10065,2.1006317,2.1006317,1.5004511
81.0,90.52246,9.522461,9.522461,11.7561245
1850.0001,2127.901,277.90076,277.90076,15.021661
3450.0007,3700.123,250.12231,250.12231,7.249921
1300.0,1480.0387,180.0387,180.0387,13.849131
61.999992,64.61739,2.6174011,2.6174011,4.2216153
1413.9999,1626.2305,212.23059,212.23059,15.009236
1300.0,1484.8141,184.81409,184.81409,14.216468
3450.0007,3721.014,271.01318,271.01318,7.8554525
140.00002,143.87082,3.8708038,3.8708038,2.7648597
81.0,87.44247,6.4424667,6.4424667,7.9536624
1050.0002,1280.7683,230.76807,230.76807,21.977905
1850.0001,2139.407,289.40686,289.40686,15.643613
319.99994,336.85687,16.856934,16.856934,5.2677927
220.00003,230.82648,10.826447,10.826447,4.9211116
140.00002,141.9382,1.9381866,1.9381866,1.384419
399.99997,455.87842,55.87845,55.87845,13.969614
1413.9999,1567.3464,153.34656,153.34656,10.844877
98.00001,105.149635,7.1496277,7.1496277,7.295538
1300.0,1492.7041,192.7041,192.7041,14.823392
152.0,149.68192,-2.3180847,2.3180847,1.5250558
81.0,85.6988,4.698799,4.698799,5.800987
1550.0002,1811.2676,261.26733,261.26733,16.855953
210.0,213.65671,3.6567078,3.6567078,1.7412894
1850.0001,2233.9138,383.9137,383.9137,20.75209
3120.0005,3686.8857,566.88525,566.88525,18.169395
98.00001,106.63776,8.637749,8.637749,8.814029
122.99999,129.29921,6.299217,6.299217,5.1213155
84.999985,87.840034,2.8400497,2.8400497,3.3412356
1413.9999,1619.9946,205.99475,205.99475,14.568229
81.0,87.15192,6.1519165,6.1519165,7.594959
1499.9998,1753.5444,253.54468,253.54468,16.90298
1550.0002,1753.1454,203.14514,203.14514,13.106136
3120.0005,3680.729,560.7285,560.7285,17.972065
1413.9999,1570.6974,156.69751,156.69751,11.0818615
114.99999,115.42607,0.4260788,0.4260788,0.37050334
1300.0,1452.4861,152.48608,152.48608,11.729698
3450.0007,3680.9783,230.97754,230.97754,6.695
1850.0001,2199.8943,349.89417,349.89417,18.913197
1300.0,1464.6307,164.63074,164.63074,12.663902
1609.9996,1779.8068,169.80713,169.80713,10.5470295
355.00006,369.5845,14.584442,14.584442,4.108293
210.0,206.66339,-3.336609,3.336609,1.5888615
220.00003,244.4624,24.462372,24.462372,11.119259
1300.0,1462.2795,162.27954,162.27954,12.483042
210.0,216.1344,6.1343994,6.1343994,2.9211426
114.99999,116.108025,1.1080322,1.1080322,0.9635064
84.999985,90.07028,5.0702972,5.0702972,5.9650564
84.999985,92.07208,7.072098,7.072098,8.320116
61.999992,67.38004,5.3800507,5.3800507,8.677502
152.0,150.7458,-1.2541962,1.2541962,0.8251291
1300.0,1487.1454,187.14539,187.14539,14.395799
84.999985,90.17521,5.1752243,5.1752243,6.0885
3120.0005,3697.6636,577.6631,577.6631,18.514841
1499.9998,1788.2717,288.27197,288.27197,19.218136
1050.0002,1287.8212,237.82092,237.82092,22.649607
1300.0,1485.4958,185.49585,185.49585,14.268911
1235.0,1408.9592,173.95923,173.95923,14.085768
220.00003,227.65706,7.657028,7.657028,3.4804668
1300.0,1497.5089,197.50891,197.50891,15.192993
1850.0001,2149.0059,299.00574,299.00574,16.162472
1499.9998,1746.6057,246.60596,246.60596,16.440401
114.99999,115.4966,0.49660492,0.49660492,0.43183038
1850.0001,2058.285,208.28479,208.28479,11.258636
1050.0002,1300.906,250.90576,250.90576,23.89578
61.999992,67.49494,5.4949493,5.4949493,8.862823
1300.0,1468.3416,168.34155,168.34155,12.94935
198.49997,189.38544,-9.114532,9.114532,4.591705
399.99997,471.69647,71.6965,71.6965,17.924128
84.999985,89.291016,4.291031,4.291031,5.0482726
152.0,149.61345,-2.386551,2.386551,1.5700992
61.999992,66.021164,4.0211716,4.0211716,6.4857616
1050.0002,1281.7356,231.73535,231.73535,22.070028
1850.0001,2127.0046,277.00452,277.00452,14.973216
1245.0,1419.933,174.93298,174.93298,14.050841
84.999985,91.79366,6.7936783,6.7936783,7.992564
1609.9996,1802.7102,192.71057,192.71057,11.969604
494.99997,501.0257,6.0257263,6.0257263,1.2173185
1850.0001,1987.9976,137.99744,137.99744,7.45932
81.0,82.837845,1.8378448,1.8378448,2.2689443
1413.9999,1559.3857,145.38586,145.38586,10.281887
1413.9999,1554.5977,140.59778,140.59778,9.943267
355.00006,366.91595,11.915894,11.915894,3.356589
1550.0002,1768.6467,218.64648,218.64648,14.106223
1300.0,1499.4952,199.49524,199.49524,15.345788
3120.0005,3681.442,561.4414,561.4414,17.994913
114.99999,115.43207,0.4320755,0.4320755,0.37571785
1413.9999,1575.4966,161.4967,161.4967,11.421267
140.00002,142.4884,2.488388,2.488388,1.7774198
198.49997,187.21252,-11.287445,11.287445,5.686371
84.999985,92.885155,7.88517,7.88517,9.276672
159.99997,168.85602,8.856049,8.856049,5.5350313
1850.0001,2135.2437,285.24353,285.24353,15.418569
1413.9999,1600.0426,186.04272,186.04272,13.157195
140.00002,139.75543,-0.24458313,0.24458313,0.17470221
198.49997,201.13159,2.6316223,2.6316223,1.3257545
1245.0,1432.1609,187.16089,187.16089,15.033004
1235.0,1410.0226,175.02258,175.02258,14.171868
140.00002,144.07344,4.0734253,4.0734253,2.9095893
1499.9998,1741.117,241.11719,241.11719,16.074482
122.99999,128.04126,5.0412674,5.0412674,4.098592
1413.9999,1603.0901,189.09021,189.09021,13.372718
122.99999,128.73752,5.737526,5.737526,4.664655
61.999992,67.206665,5.2066727,5.2066727,8.397861
220.00003,242.85701,22.85698,22.85698,10.389534
1300.0,1483.109,183.10901,183.10901,14.085308
1300.0,1483.7021,183.70215,183.70215,14.130935
1850.0001,2147.8438,297.84363,297.84363,16.099653
1413.9999,1565.5026,151.50269,151.50269,10.714477
1850.0001,2197.7712,347.77112,347.77112,18.798437
1235.0,1370.487,135.48706,135.48706,10.970612
1300.0,1457.5515,157.55151,157.55151,12.119347
3450.0007,3720.1372,270.13647,270.13647,7.830041
1850.0001,2095.388,245.38782,245.38782,13.264206
3450.0007,3682.478,232.4773,232.4773,6.738471
210.0,213.10101,3.1010132,3.1010132,1.4766729
1850.0001,2184.6836,334.68347,334.68347,18.090998
1413.9999,1546.1416,132.14172,132.14172,9.345243
3120.0005,3720.4175,600.417,600.417,19.244131
3450.0007,3658.6052,208.60449,208.60449,6.0465055
1550.0002,1705.015,155.01477,155.01477,10.000952
1235.0,1431.6875,196.6875,196.6875,15.926114
122.99999,1546.0767,1423.0767,1423.0767,1156.973
159.99997,196.17516,36.175186,36.175186,22.609497
152.0,146.46352,-5.536484,5.536484,3.6424234
1413.9999,1558.6455,144.64563,144.64563,10.229536
1413.9999,1593.1006,179.10071,179.10071,12.666246
1413.9999,1584.2976,170.29773,170.29773,12.043688
210.0,210.3211,0.32110596,0.32110596,0.1529076
140.00002,144.49533,4.4953156,4.4953156,3.2109394
114.99999,115.91743,0.9174347,0.9174347,0.7977693
1550.0002,1757.1548,207.15454,207.15454,13.364807
61.999992,65.72318,3.7231903,3.7231903,6.0051465
198.49997,206.70775,8.207779,8.207779,4.134902
210.0,210.38731,0.38731384,0.38731384,0.18443516
1300.0,1504.726,204.72595,204.72595,15.748151
122.99999,132.38783,9.38784,9.38784,7.632391
1245.0,1451.5957,206.5957,206.5957,16.594032
114.99999,115.2887,0.28870392,0.28870392,0.2510469
1300.0,1454.1504,154.15039,154.15039,11.857722
1550.0002,1793.0723,243.07202,243.07202,15.682064
1300.0,1458.0142,158.01416,158.01416,12.154935
1245.0,1436.834,191.83398,191.83398,15.408352
1413.9999,1580.978,166.97815,166.97815,11.808922
1413.9999,1585.8616,171.8617,171.8617,12.154294
494.99997,497.38144,2.3814697,2.3814697,0.48110503
1300.0,1451.0189,151.01892,151.01892,11.61684
152.0,147.96129,-4.0387115,4.0387115,2.657047
1245.0,1478.2439,233.2439,233.2439,18.73445
84.999985,93.247986,8.248001,8.248001,9.703532
198.49997,201.69913,3.1991577,3.1991577,1.6116666
1300.0,1460.0618,160.06177,160.06177,12.312444
1413.9999,1597.6991,183.69922,183.69922,12.99146
61.999992,66.26988,4.26989,4.26989,6.8869195
51.999996,57.840313,5.840317,5.840317,11.2313795
1850.0001,2069.7278,219.72766,219.72766,11.877171
1235.0,1410.2709,175.27087,175.27087,14.191973
1413.9999,1582.3002,168.3003,168.3003,11.902426
210.0,208.77908,-1.2209167,1.2209167,0.58138895
98.00001,107.04611,9.046104,9.046104,9.230718
1850.0001,2156.0442,306.04407,306.04407,16.542921
1300.0,1492.9513,192.9513,192.9513,14.842407
1050.0002,1275.5435,225.54321,225.54321,21.4803
1245.0,1450.1758,205.17578,205.17578,16.479982
3120.0005,3713.1738,593.17334,593.17334,19.011963
1235.0,1460.2185,225.2185,225.2185,18.236317
84.999985,97.45613,12.456146,12.456146,14.654292
1300.0,1470.8259,170.82593,170.82593,13.140456
1609.9996,1886.803,276.80334,276.80334,17.192759
1850.0001,2041.975,191.97485,191.97485,10.377018
210.0,212.3253,2.3253021,2.3253021,1.1072868
1609.9996,1841.9592,231.9596,231.9596,14.407433
220.00003,226.1045,6.104477,6.104477,2.774762
122.99999,130.81836,7.818367,7.818367,6.3563967
1850.0001,2031.6332,181.63306,181.63306,9.818003
98.00001,106.77005,8.770042,8.770042,8.949022
1413.9999,1579.8966,165.89673,165.89673,11.732443
494.99997,497.54306,2.5430908,2.5430908,0.51375574
1413.9999,1571.1058,157.10596,157.10596,11.110747
1413.9999,1580.7396,166.73975,166.73975,11.792062
1850.0001,2083.2964,233.29626,233.29626,12.610608
1850.0001,2110.1433,260.1432,260.1432,14.061793
1850.0001,2115.645,265.6449,265.6449,14.359182
140.00002,143.18277,3.1827545,3.1827545,2.2733958
319.99994,257.77322,-62.226715,62.226715,19.445852
1413.9999,1594.9563,180.95642,180.95642,12.797485
1850.0001,2190.2446,340.2445,340.2445,18.391594
1850.0001,2075.0469,225.04675,225.04675,12.164689
1413.9999,1593.7627,179.76282,179.76282,12.713072
140.00002,140.5643,0.5642853,0.5642853,0.40306085
3120.0005,3703.824,583.8235,583.8235,18.712288
3120.0005,3687.8635,567.86304,567.86304,18.200735
1413.9999,1609.6187,195.61877,195.61877,13.834426
1850.0001,2041.7928,191.79272,191.79272,10.367174
1413.9999,1583.1082,169.10828,169.10828,11.959568
140.00002,142.0713,2.071289,2.071289,1.4794921
399.99997,439.18347,39.183502,39.183502,9.7958765
1300.0,1477.0186,177.01855,177.01855,13.616812
1850.0001,2062.4526,212.45251,212.45251,11.483919
84.999985,90.393936,5.3939514,5.3939514,6.345826
1300.0,1489.2288,189.22876,189.22876,14.556058
84.999985,88.870285,3.8703003,3.8703003,4.553295
1413.9999,1573.138,159.13806,159.13806,11.254461
1850.0001,2149.132,299.13196,299.13196,16.169292
355.00006,364.3682,9.368134,9.368134,2.6389103
1413.9999,1569.4717,155.4718,155.4718,10.995178
210.0,206.85489,-3.145111,3.145111,1.497672
1300.0,1512.3422,212.34216,212.34216,16.334013
1300.0,1456.6895,156.68945,156.68945,12.053035
122.99999,129.26529,6.265297,6.265297,5.0937376
122.99999,127.436226,4.4362335,4.4362335,3.6066942
1499.9998,1674.3862,174.38647,174.38647,11.625767
494.99997,500.8773,5.8773193,5.8773193,1.1873373
198.49997,205.5314,7.031433,7.031433,3.5422843
84.999985,93.04054,8.040558,8.040558,9.459481
220.00003,234.86356,14.863525,14.863525,6.756147
1413.9999,1551.9866,137.9867,137.9867,9.758607
1300.0,1464.085,164.08496,164.08496,12.62192
1499.9998,1711.907,211.90723,211.90723,14.127151
1850.0001,2103.9363,253.93616,253.93616,13.726277
399.99997,460.4746,60.47464,60.47464,15.118662
1245.0,1457.1094,212.10938,212.10938,17.036898
198.49997,198.99591,0.49594116,0.49594116,0.24984446
3450.0007,3699.904,249.90332,249.90332,7.2435727
1413.9999,1600.0288,186.02893,186.02893,13.15622
355.00006,377.16455,22.16449,22.16449,6.2435174
1850.0001,2250.7905,400.7904,400.7904,21.664345
1413.9999,1597.7059,183.70605,183.70605,12.991942
1300.0,1479.6709,179.6709,179.6709,13.820839
198.49997,202.48587,3.9859009,3.9859009,2.0080109
1413.9999,1549.5789,135.57898,135.57898,9.58833
1300.0,1487.4271,187.42712,187.42712,14.417471
140.00002,141.09113,1.0911102,1.0911102,0.77936435
98.00001,106.54541,8.545403,8.545403,8.719798
1550.0002,1779.3491,229.34888,229.34888,14.7967
61.999992,67.494156,5.4941635,5.4941635,8.861555
198.49997,199.37515,0.8751831,0.8751831,0.44089836
1300.0,1494.3347,194.33472,194.33472,14.948824
3120.0005,3699.1807,579.1802,579.1802,18.563465
1850.0001,2102.0884,252.08826,252.08826,13.62639
98.00001,104.56471,6.564705,6.564705,6.6986775
1413.9999,1558.5325,144.5326,144.5326,10.221542
1413.9999,1572.5631,158.56323,158.56323,11.213808
159.99997,166.82014,6.820175,6.820175,4.26261
1850.0001,2153.8945,303.8944,303.8944,16.426723
1850.0001,2103.7798,253.77966,253.77966,13.717818
84.999985,91.11027,6.110283,6.110283,7.1885695
399.99997,418.69284,18.692871,18.692871,4.673218
1850.0001,2159.3865,309.38635,309.38635,16.723585
1850.0001,2102.1223,252.1222,252.1222,13.628225
494.99997,494.94296,-0.057006836,0.057006836,0.011516534
1050.0002,1315.231,265.2307,265.2307,25.260061
152.0,149.80899,-2.1910095,2.1910095,1.4414537
81.0,84.83537,3.835373,3.835373,4.7350283
355.00006,368.8325,13.832428,13.832428,3.8964581
1413.9999,1598.7644,184.76453,184.76453,13.0668
1413.9999,1581.276,167.27612,167.27612,11.829995
494.99997,497.17233,2.1723633,2.1723633,0.4388613
114.99999,115.35509,0.3550949,0.3550949,0.3087782
210.0,216.13388,6.1338806,6.1338806,2.9208953
1609.9996,1823.8351,213.83545,213.83545,13.281708
84.999985,94.18246,9.182472,9.182472,10.802911
1609.9996,1852.1956,242.19592,242.19592,15.043229
494.99997,493.9701,-1.0298767,1.0298767,0.2080559
81.0,88.22867,7.228668,7.228668,8.924282
152.0,148.94122,-3.0587769,3.0587769,2.0123532
81.0,85.14557,4.145569,4.145569,5.117986
84.999985,88.99962,3.9996338,3.9996338,4.7054524
3450.0007,3679.4968,229.4961,229.4961,6.6520596
84.999985,87.261566,2.2615814,2.2615814,2.6606846
140.00002,143.54947,3.5494537,3.5494537,2.5353239
1850.0001,2161.82,311.81995,311.81995,16.855131
1050.0002,1283.712,233.71179,233.71179,22.25826
198.49997,200.40895,1.9089813,1.9089813,0.9617036
198.49997,184.25073,-14.249237,14.249237,7.1784577
1235.0,1374.3995,139.39954,139.39954,11.287412
1550.0002,1724.2988,174.29858,174.29858,11.245069
84.999985,91.516556,6.516571,6.516571,7.666556
1850.0001,2168.9458,318.94568,318.94568,17.240305
319.99994,266.4483,-53.551636,53.551636,16.73489
1245.0,1401.1831,156.1831,156.1831,12.544827
3450.0007,3709.1382,259.13745,259.13745,7.511229
1413.9999,1592.4841,178.48425,178.48425,12.62265
3450.0007,3685.922,235.92139,235.92139,6.8382993
1499.9998,1719.6617,219.66199,219.66199,14.644135
1413.9999,1573.7078,159.70789,159.70789,11.29476
1300.0,1424.575,124.57495,124.57495,9.582688
1413.9999,1589.3514,175.35156,175.35156,12.401102
122.99999,126.32904,3.3290482,3.3290482,2.7065434
122.99999,130.47392,7.4739304,7.4739304,6.0763664
1300.0,1468.8489,168.84888,168.84888,12.988375
198.49997,200.89223,2.3922577,2.3922577,1.2051678
1499.9998,1773.887,273.8872,273.8872,18.25915
1413.9999,1566.3215,152.32166,152.32166,10.772395
1550.0002,1750.7648,200.76453,200.76453,12.952548
84.999985,90.12792,5.1279373,5.1279373,6.0328684
122.99999,130.91437,7.9143753,7.9143753,6.4344516
122.99999,127.96905,4.969055,4.969055,4.0398827
101.99999,105.73083,3.730835,3.730835,3.6576815
1850.0001,2261.9194,411.9193,411.9193,22.265907
1300.0,1490.9424,190.94238,190.94238,14.687875
140.00002,140.64012,0.6401062,0.6401062,0.45721865
1413.9999,1602.5028,188.50293,188.50293,13.331183
3450.0007,3673.8782,223.87744,223.87744,6.4892
399.99997,443.9466,43.946625,43.946625,10.986657
1413.9999,1547.2877,133.28784,133.28784,9.426298
61.999992,67.4968,5.496811,5.496811,8.865825
84.999985,87.86783,2.8678436,2.8678436,3.3739343
140.00002,139.51602,-0.48399353,0.48399353,0.34570962
84.999985,94.73948,9.739494,9.739494,11.458231
1550.0002,1740.5746,190.57434,190.57434,12.295116
3450.0007,3677.816,227.81519,227.81519,6.6033373
494.99997,503.1569,8.156921,8.156921,1.647863
84.999985,91.35391,6.3539276,6.3539276,7.47521
1300.0,1473.9124,173.91235,173.91235,13.377873
1050.0002,1264.0991,214.09888,214.09888,20.390364
355.00006,367.0028,12.002747,12.002747,3.3810549
140.00002,144.10312,4.1031036,4.1031036,2.930788
140.00002,140.40852,0.4085083,0.4085083,0.29179162
1300.0,1375.4749,75.47485,75.47485,5.805758
494.99997,501.26825,6.26828,6.26828,1.2663193
122.99999,128.92213,5.922142,5.922142,4.8147497
122.99999,129.1065,6.106514,6.106514,4.964646
1300.0,1480.1602,180.16016,180.16016,13.858473
1300.0,1507.2252,207.22522,207.22522,15.940401
1413.9999,1569.3168,155.3169,155.3169,10.984222
140.00002,143.88782,3.8878021,3.8878021,2.7770014
1413.9999,1589.3052,175.3053,175.3053,12.397829
135.0,131.0097,-3.9902954,3.9902954,2.9557743
1413.9999,1564.1392,150.13928,150.13928,10.618055
1413.9999,1560.5834,146.5835,146.5835,10.366585
1850.0001,1991.7948,141.79468,141.79468,7.664577
1850.0001,2252.1868,402.18665,402.18665,21.739817
1850.0001,2264.5322,414.5321,414.5321,22.40714
135.0,133.67268,-1.3273163,1.3273163,0.9831972
1235.0,1434.8916,199.8916,199.8916,16.185555
1850.0001,2139.8896,289.88953,289.88953,15.6697035
1850.0001,2109.641,259.641,259.641,14.034647
1245.0,1431.5454,186.54541,186.54541,14.983567
98.00001,106.26992,8.269913,8.269913,8.438685
1413.9999,1573.1492,159.14929,159.14929,11.255256
1850.0001,2106.0894,256.08923,256.08923,13.84266
98.00001,106.0035,8.003494,8.003494,8.16683
1413.9999,1562.2231,148.22327,148.22327,10.482552
1413.9999,1582.1786,168.17871,168.17871,11.893827
122.99999,129.22679,6.226799,6.226799,5.0624385
98.00001,108.88698,10.8869705,10.8869705,11.109153
3450.0007,3671.65,221.64917,221.64917,6.4246125
1300.0,1453.3374,153.3374,153.3374,11.795185
1413.9999,1588.9731,174.97327,174.97327,12.374349
210.0,210.53745,0.53744507,0.53744507,0.25592622
1413.9999,1526.3279,112.328,112.328,7.9439893
1850.0001,2111.9683,261.96814,261.96814,14.1604395
1850.0001,2187.873,337.87292,337.87292,18.2634
140.00002,141.09276,1.0927429,1.0927429,0.7805306
210.0,207.2973,-2.7026978,2.7026978,1.286999
152.0,150.35904,-1.6409607,1.6409607,1.0795795
355.00006,368.18585,13.185791,13.185791,3.7143066
3450.0007,3715.6118,265.61108,265.61108,7.6988707
494.99997,499.40744,4.4074707,4.4074707,0.8903982
1413.9999,1578.8372,164.83728,164.83728,11.657517
81.0,87.50052,6.500519,6.500519,8.0253315
114.99999,116.48865,1.4886551,1.4886551,1.2944828
198.49997,202.84802,4.348053,4.348053,2.1904552
1300.0,1469.0156,169.01562,169.01562,13.001202
1550.0002,1740.1835,190.18323,190.18323,12.269883
1499.9998,1753.0676,253.06787,253.06787,16.871195
1413.9999,1602.6328,188.63293,188.63293,13.340378
1413.9999,1608.689,194.68909,194.68909,13.768678
494.99997,496.37695,1.3769836,1.3769836,0.27817854
101.99999,103.412735,1.4127426,1.4127426,1.3850418
220.00003,225.74406,5.744034,5.744034,2.610924
122.99999,131.50476,8.504768,8.504768,6.9144464
1850.0001,2153.877,303.87683,303.87683,16.425774
81.0,87.59091,6.590912,6.590912,8.136929
1609.9996,1782.4667,172.46704,172.46704,10.712241
3120.0005,3719.5518,599.5513,599.5513,19.216385
1413.9999,1578.9719,164.97205,164.97205,11.667048
1850.0001,2103.7637,253.76355,253.76355,13.716948
114.99999,114.27435,-0.72563934,0.72563934,0.6309908
1050.0002,1298.7139,248.71362,248.71362,23.687006
1300.0,1468.9708,168.97083,168.97083,12.997755
1850.0001,2093.5674,243.56726,243.56726,13.165797
61.999992,66.943665,4.943672,4.943672,7.9736657
140.00002,142.72362,2.7236023,2.7236023,1.94543
1413.9999,1600.2502,186.25037,186.25037,13.17188
1413.9999,1571.5363,157.53638,157.53638,11.141188
135.0,132.502,-2.498001,2.498001,1.8503712
1413.9999,1554.3848,140.38489,140.38489,9.928211
1300.0,1485.0961,185.09607,185.09607,14.238159
84.999985,88.70185,3.7018661,3.7018661,4.3551373
198.49997,208.26357,9.763596,9.763596,4.918689
98.00001,106.769485,8.769478,8.769478,8.948446
1413.9999,1568.1378,154.13794,154.13794,10.900846
1413.9999,1589.0625,175.06262,175.06262,12.380668
1413.9999,1586.9531,172.95325,172.95325,12.231489
220.00003,238.91672,18.916687,18.916687,8.598493
1413.9999,1569.7317,155.73181,155.73181,11.013566
84.999985,92.037254,7.0372696,7.0372696,8.279142
1300.0,1458.3823,158.38232,158.38232,12.183256
1300.0,1486.8262,186.82617,186.82617,14.371244
1850.0001,2156.4648,306.46472,306.46472,16.56566
1499.9998,1744.6353,244.6355,244.6355,16.309036
3120.0005,3687.751,567.7505,567.7505,18.197128
98.00001,106.14223,8.14222,8.14222,8.308387
1300.0,1574.4994,274.4994,274.4994,21.115337
1850.0001,2093.7002,243.70007,243.70007,13.1729765
1300.0,1488.3998,188.39978,188.39978,14.492291
1850.0001,2137.7336,287.73352,287.73352,15.553162
1850.0001,2104.2886,254.28845,254.28845,13.745321
1235.0,1395.2166,160.21655,160.21655,12.973001
98.00001,105.79401,7.7939987,7.7939987,7.9530587
1413.9999,1584.4072,170.40735,170.40735,12.05144
210.0,218.63745,8.637451,8.637451,4.1130724
1413.9999,1599.564,185.56409,185.56409,13.123345
1300.0,1451.2329,151.23291,151.23291,11.633301
198.49997,204.12721,5.627243,5.627243,2.8348835
1850.0001,2084.0828,234.08264,234.08264,12.653115
1609.9996,1837.7993,227.79968,227.79968,14.149052
84.999985,91.1021,6.102112,6.102112,7.178956
198.49997,193.31383,-5.186142,5.186142,2.6126664
1300.0,1482.9534,182.95337,182.95337,14.073336
1850.0001,2030.918,180.91785,180.91785,9.779343
1245.0,1459.283,214.28296,214.28296,17.211481
1300.0,1490.3179,190.31787,190.31787,14.639836
1413.9999,1600.7275,186.72766,186.72766,13.205635
3450.0007,3679.209,229.20825,229.20825,6.6437163
198.49997,200.9108,2.4108276,2.4108276,1.214523
1499.9998,1663.0074,163.00769,163.00769,10.867182
140.00002,142.5684,2.56839,2.56839,1.8345641
3120.0005,3661.496,541.4956,541.4956,17.355625
1245.0,1469.2162,224.21619,224.21619,18.009333
1850.0001,2135.5098,285.50964,285.50964,15.432952
1245.0,1409.617,164.61694,164.61694,13.222244
1550.0002,1786.2524,236.2522,236.2522,15.242074
98.00001,104.89327,6.893265,6.893265,7.033943
122.99999,128.7093,5.7093124,5.7093124,4.641718
122.99999,127.73974,4.739746,4.739746,3.8534522
1413.9999,1581.5673,167.56738,167.56738,11.850594
84.999985,91.1694,6.1694183,6.1694183,7.25814
1235.0,1467.7258,232.72583,232.72583,18.844196
84.999985,95.071945,10.07196,10.07196,11.849367
3450.0007,3665.7388,215.73804,215.73804,6.2532754
210.0,213.35577,3.355774,3.355774,1.5979877
1550.0002,1739.4323,189.432,189.432,12.221417
1235.0,1397.9235,162.92346,162.92346,13.192183
84.999985,88.335144,3.3351593,3.3351593,3.9237175
1850.0001,2158.5955,308.59534,308.59534,16.680828
1245.0,1457.8855,212.8855,212.8855,17.099237
140.00002,138.66446,-1.335556,1.335556,0.9539685
1050.0002,1275.4862,225.48596,225.48596,21.474848
1235.0,1460.67,225.67004,225.67004,18.272879
1300.0,1507.054,207.05396,207.05396,15.927227
84.999985,92.15352,7.153534,7.153534,8.415924
210.0,214.68733,4.687332,4.687332,2.232063
159.99997,167.20598,7.206009,7.206009,4.5037565
1300.0,1484.3252,184.3252,184.3252,14.178862
81.0,87.899956,6.8999557,6.8999557,8.518464
1850.0001,2119.2966,269.2965,269.2965,14.556567
210.0,207.78476,-2.2152405,2.2152405,1.0548764
1850.0001,2154.1094,304.10925,304.10925,16.438337
3120.0005,3721.7273,601.7268,601.7268,19.286112
1550.0002,1768.186,218.18579,218.18579,14.076501
1550.0002,1749.7427,199.74243,199.74243,12.886606
140.00002,144.10817,4.1081543,4.1081543,2.9343956
1609.9996,1782.498,172.49841,172.49841,10.71419
1499.9998,1793.8645,293.86475,293.86475,19.590986
1235.0,1437.4648,202.46484,202.46484,16.393915
355.00006,361.6364,6.6363525,6.6363525,1.8693948
3450.0007,3693.5671,243.5664,243.5664,7.0598946
494.99997,505.91434,10.914368,10.914368,2.204923
1413.9999,1608.5085,194.50867,194.50867,13.755918
122.99999,132.30168,9.301689,9.301689,7.56235
1609.9996,1810.6333,200.63367,200.63367,12.461721
1413.9999,1579.7776,165.77771,165.77771,11.724026
84.999985,93.97867,8.978683,8.978683,10.563159
1850.0001,2038.9786,188.97852,188.97852,10.2150545
494.99997,499.07587,4.075897,4.075897,0.82341367
140.00002,140.67438,0.6743622,0.6743622,0.48168722
140.00002,142.42068,2.4206696,2.4206696,1.7290496
1413.9999,1551.8,137.80017,137.80017,9.745416
1850.0001,2033.9199,183.9198,183.9198,9.94161
1499.9998,1822.5912,322.59143,322.59143,21.5061
1050.0002,1276.1145,226.11426,226.11426,21.534685
135.0,132.36366,-2.6363373,2.6363373,1.9528425
1413.9999,1573.1958,159.19592,159.19592,11.258553
198.49997,201.73567,3.2357025,3.2357025,1.6300771
159.99997,153.89574,-6.104233,6.104233,3.8151462
1499.9998,1747.3817,247.38196,247.38196,16.492132
1413.9999,1585.916,171.91614,171.91614,12.158144
1499.9998,1702.1003,202.10059,202.10059,13.473375
220.00003,233.94435,13.944321,13.944321,6.3383265
3120.0005,3703.746,583.7456,583.7456,18.709793
1413.9999,1572.726,158.72607,158.72607,11.225324
1050.0002,1287.176,237.17578,237.17578,22.588165
1413.9999,1596.5575,182.55762,182.55762,12.910724
1300.0,1462.2397,162.23975,162.23975,12.47998
98.00001,106.560135,8.560127,8.560127,8.734823
98.00001,106.686584,8.686577,8.686577,8.8638525
1300.0,1511.4851,211.4851,211.4851,16.268085
355.00006,366.63782,11.637756,11.637756,3.2782407
355.00006,367.62735,12.627289,12.627289,3.556982
1050.0002,1246.1537,196.15344,196.15344,18.681276
1300.0,1461.3923,161.39233,161.39233,12.414795
1413.9999,1538.2451,124.24524,124.24524,8.786793
1413.9999,1574.633,160.63318,160.63318,11.360197
1300.0,1479.6052,179.60522,179.60522,13.815786
1300.0,1508.883,208.88306,208.88306,16.067928
84.999985,95.60206,10.602074,10.602074,12.47303
1609.9996,1802.5304,192.53076,192.53076,11.958435
1300.0,1479.8318,179.83179,179.83179,13.833215
1499.9998,1738.1157,238.11597,238.11597,15.874401
1235.0,1443.0894,208.08936,208.08936,16.84934
3450.0007,3686.1262,236.12549,236.12549,6.844216
198.49997,203.2597,4.759735,4.759735,2.397852
51.999996,95.69382,43.69382,43.69382,84.02659
1413.9999,1599.5411,185.54126,185.54126,13.121732
1499.9998,1683.9474,183.94763,183.94763,12.263177
1850.0001,2137.95,287.94983,287.94983,15.564855
1850.0001,2060.4297,210.42957,210.42957,11.374571
3120.0005,3711.1555,591.155,591.155,18.947273
1413.9999,1570.6427,156.64282,156.64282,11.077994
1050.0002,1252.1907,202.19043,202.19043,19.256227
1413.9999,1573.4427,159.44287,159.44287,11.276017
1413.9999,1582.4663,168.46643,168.46643,11.914176
1850.0001,2081.9731,231.97302,231.97302,12.539082
1413.9999,1584.2847,170.28479,170.28479,12.042772
399.99997,402.51364,2.5136719,2.5136719,0.628418
1245.0,1486.6637,241.6637,241.6637,19.410738
51.999996,58.191425,6.191429,6.191429,11.906595
1413.9999,1602.814,188.81409,188.81409,13.353189
1850.0001,2094.01,244.00989,244.00989,13.189723
1300.0,1486.3374,186.3374,186.3374,14.333646
1550.0002,1767.8662,217.86597,217.86597,14.055866
98.00001,105.922966,7.9229584,7.9229584,8.084651
1413.9999,1573.4255,159.42566,159.42566,11.274799
1300.0,1457.9154,157.9154,157.9154,12.147339
1413.9999,1590.0895,176.0896,176.0896,12.453297
1300.0,1505.5913,205.59131,205.59131,15.814715
101.99999,119.63897,17.638977,17.638977,17.293116
140.00002,143.15816,3.158142,3.158142,2.2558155
135.0,134.64592,-0.3540802,0.3540802,0.26228163
1300.0,1477.3499,177.34985,177.34985,13.642296
1550.0002,1651.2969,101.29663,101.29663,6.5352654
140.00002,139.6741,-0.32591248,0.32591248,0.2327946
1609.9996,1752.009,142.0094,142.0094,8.820461
1413.9999,1619.8508,205.85095,205.85095,14.558061
1300.0,1495.9463,195.94629,195.94629,15.072791
1245.0,1473.9615,228.96155,228.96155,18.390486
140.00002,139.90068,-0.09933472,0.09933472,0.07095336
1850.0001,2194.3506,344.35046,344.35046,18.613537
1413.9999,1582.4685,168.46863,168.46863,11.914331
399.99997,422.85373,22.85376,22.85376,5.7134404
140.00002,141.05528,1.0552673,1.0552673,0.7537623
84.999985,97.352196,12.352211,12.352211,14.532016
1300.0,1489.7769,189.77686,189.77686,14.598219
140.00002,144.60826,4.608246,4.608246,3.291604
1300.0,1466.1445,166.14453,166.14453,12.780349
140.00002,138.49933,-1.5006866,1.5006866,1.071919
1413.9999,1568.1543,154.15442,154.15442,10.902011
140.00002,141.83157,1.8315582,1.8315582,1.3082558
1300.0,1494.1301,194.13013,194.13013,14.933087
1609.9996,1871.6531,261.65344,261.65344,16.25177
3120.0005,3658.169,538.16846,538.16846,17.248987
1413.9999,1584.699,170.6991,170.6991,12.072073
1850.0001,2048.8064,198.80627,198.80627,10.7462845
84.999985,95.92361,10.923622,10.923622,12.851323
1413.9999,1602.0494,188.04956,188.04956,13.299121
98.00001,105.13466,7.134651,7.134651,7.280256
3450.0007,3703.5837,253.58301,253.58301,7.35023
1300.0,1485.7573,185.75732,185.75732,14.289024
1609.9996,1760.6147,150.61511,150.61511,9.354978
101.99999,106.816055,4.816063,4.816063,4.7216306
1413.9999,1607.989,193.98914,193.98914,13.719175
98.00001,105.748795,7.748787,7.748787,7.9069247
1850.0001,2086.1936,236.19348,236.19348,12.767215
140.00002,139.20421,-0.7958069,0.7958069,0.5684334
1609.9996,1822.3035,212.30383,212.30383,13.186577
3120.0005,3713.5813,593.5808,593.5808,19.025023
1300.0,1483.4268,183.42676,183.42676,14.10975
198.49997,205.74078,7.240814,7.240814,3.6477659
140.00002,139.02922,-0.9707947,0.9707947,0.6934247
494.99997,496.2477,1.2477417,1.2477417,0.25206906
1850.0001,2046.3839,196.38379,196.38379,10.615339
1550.0002,1739.673,189.67273,189.67273,12.236948
98.00001,106.00937,8.009361,8.009361,8.172817
3450.0007,3702.3474,252.34668,252.34668,7.314395
3450.0007,3661.0002,210.99951,210.99951,6.1159263
1850.0001,2160.0593,310.0592,310.0592,16.759956
1499.9998,1767.2776,267.27783,267.27783,17.818525
1499.9998,1690.0146,190.0149,190.0149,12.667662
1850.0001,2086.9104,236.91028,236.91028,12.80596
114.99999,116.86898,1.868988,1.868988,1.6252071
399.99997,482.78848,82.78851,82.78851,20.69713
84.999985,88.818405,3.8184204,3.8184204,4.49226
1050.0002,1271.6968,221.69653,221.69653,21.11395
1413.9999,1552.4902,138.49036,138.49036,9.794227
1300.0,1443.318,143.318,143.318,11.024461
122.99999,129.27896,6.278969,6.278969,5.1048527
220.00003,230.10431,10.104279,10.104279,4.5928535
1850.0001,2106.0603,256.06018,256.06018,13.841089
220.00003,227.08829,7.088257,7.088257,3.2219346
81.0,87.88597,6.885971,6.885971,8.501199
1413.9999,1568.3092,154.30933,154.30933,10.912966
198.49997,204.05269,5.552719,5.552719,2.7973402
1413.9999,1563.0127,149.01282,149.01282,10.538389
1050.0002,1241.4236,191.42334,191.42334,18.23079
135.0,131.58156,-3.4184418,3.4184418,2.532179
210.0,208.99075,-1.0092468,1.0092468,0.48059374
1499.9998,1800.1936,300.19385,300.19385,20.012928
1235.0,1453.5497,218.54968,218.54968,17.69633
51.999996,61.48123,9.4812355,9.4812355,18.233147
98.00001,105.65899,7.6589813,7.6589813,7.8152866
1413.9999,1587.3439,173.344,173.344,12.259124
355.00006,357.42523,2.425171,2.425171,0.6831466
81.0,85.28621,4.286209,4.286209,5.291616
1413.9999,1575.7063,161.70642,161.70642,11.436099
319.99994,220.6178,-99.38214,99.38214,31.056925
1850.0001,2123.8877,273.88757,273.88757,14.804733
1300.0,1450.7773,150.77734,150.77734,11.598257
135.0,133.31387,-1.6861267,1.6861267,1.2489828
122.99999,134.22653,11.22654,11.22654,9.127268
1850.0001,2200.9155,350.9154,350.9154,18.9684
1300.0,1459.7664,159.76636,159.76636,12.28972
1499.9998,1748.1047,248.10498,248.10498,16.540335
152.0,149.55005,-2.4499512,2.4499512,1.61181
1300.0,1492.8772,192.8772,192.8772,14.836708
1499.9998,1798.1335,298.1338,298.1338,19.87559
84.999985,90.40841,5.4084244,5.4084244,6.362853
1245.0,1457.231,212.23096,212.23096,17.046663
319.99994,201.64163,-118.35831,118.35831,36.986977
1300.0,1469.3711,169.3711,169.3711,13.028545
152.0,148.76544,-3.234558,3.234558,2.1279986
494.99997,503.3733,8.373322,8.373322,1.6915802
81.0,90.542755,9.542755,9.542755,11.781179
1609.9996,1743.2124,133.21277,133.21277,8.274087
1300.0,1485.527,185.52698,185.52698,14.271305
1300.0,1479.678,179.67798,179.67798,13.8213825
210.0,216.61711,6.617111,6.617111,3.1510055
1300.0,1505.2244,205.22437,205.22437,15.7864895
1850.0001,2199.0056,349.0055,349.0055,18.86516
114.99999,115.83957,0.8395767,0.8395767,0.7300668
1050.0002,1231.3948,181.39453,181.39453,17.275665
1413.9999,1588.4265,174.42664,174.42664,12.33569
1300.0,1490.0847,190.08472,190.08472,14.6219015
1609.9996,1760.6189,150.61926,150.61926,9.355236
1850.0001,2213.754,363.75378,363.75378,19.662365
140.00002,142.47609,2.4760742,2.4760742,1.7686242
1413.9999,1609.6086,195.60876,195.60876,13.833718
122.99999,126.19165,3.191658,3.191658,2.594844
1413.9999,1567.0391,153.03918,153.03918,10.823139
198.49997,205.8386,7.338623,7.338623,3.6970398
1300.0,1459.7949,159.79492,159.79492,12.291917
101.99999,105.37116,3.37117,3.37117,3.305069
1609.9996,1777.3171,167.3175,167.3175,10.392394
152.0,150.96426,-1.0357361,1.0357361,0.6814053
140.00002,145.43579,5.4357758,5.4357758,3.8826964
1850.0001,2167.9724,317.9723,317.9723,17.18769
3120.0005,3704.467,584.46655,584.46655,18.732899
81.0,89.56724,8.567238,8.567238,10.576837
114.99999,116.22585,1.2258606,1.2258606,1.0659659
1609.9996,1735.3928,125.39319,125.39319,7.7883987
159.99997,198.22495,38.224976,38.224976,23.890614
61.999992,67.66067,5.660675,5.660675,9.130122
84.999985,90.36566,5.365677,5.365677,6.3125625
84.999985,87.67865,2.6786652,2.6786652,3.1513712
1413.9999,1583.7648,169.7649,169.7649,12.006005
494.99997,500.2722,5.272217,5.272217,1.0650944
84.999985,94.316444,9.31646,9.31646,10.960543
1850.0001,2205.2761,355.276,355.276,19.204107
1050.0002,1234.7454,184.74512,184.74512,17.59477
51.999996,60.031265,8.031269,8.031269,15.44475
1499.9998,1840.7047,340.70496,340.70496,22.713667
210.0,210.2537,0.25369263,0.25369263,0.12080601
1850.0001,2131.7568,281.7567,281.7567,15.230091
3450.0007,3692.3376,242.33691,242.33691,7.0242567
1550.0002,1727.7155,177.71521,177.71521,11.465496
3120.0005,3726.5945,606.594,606.594,19.442112
1300.0,1513.1772,213.17725,213.17725,16.398249
1499.9998,1723.5215,223.52173,223.52173,14.90145
1300.0,1476.0061,176.0061,176.0061,13.538931
122.99999,131.57259,8.572594,8.572594,6.969589
220.00003,228.92644,8.926407,8.926407,4.057457
1300.0,1506.5284,206.52844,206.52844,15.886803
1300.0,1449.6223,149.62231,149.62231,11.509409
494.99997,496.01492,1.0149536,1.0149536,0.20504114
1245.0,1454.9521,209.95215,209.95215,16.863626
140.00002,142.86322,2.863205,2.863205,2.0451462
1609.9996,1843.6517,233.6521,233.6521,14.512557
84.999985,89.22293,4.222946,4.222946,4.9681726
140.00002,141.17429,1.1742706,1.1742706,0.83876467
210.0,208.15543,-1.844574,1.844574,0.8783686
399.99997,438.0542,38.05423,38.05423,9.513558
1300.0,1475.487,175.48706,175.48706,13.499005
114.99999,114.607544,-0.39244843,0.39244843,0.34125954
152.0,150.22601,-1.7739868,1.7739868,1.1670966
1550.0002,1705.9207,155.92041,155.92041,10.05938
159.99997,153.48732,-6.5126495,6.5126495,4.070407
122.99999,127.58305,4.583061,4.583061,3.7260664
135.0,137.14084,2.1408386,2.1408386,1.5858064
61.999992,67.9584,5.9584045,5.9584045,9.610331
1235.0,1400.5989,165.59888,165.59888,13.408815
61.999992,67.0495,5.049507,5.049507,8.144367
494.99997,502.35413,7.3541565,7.3541565,1.4856882
1245.0,1393.3716,148.37158,148.37158,11.917396
101.99999,92.9565,-9.043495,9.043495,8.866172
114.99999,115.83996,0.8399658,0.8399658,0.7304051
1413.9999,1590.1577,176.15784,176.15784,12.458122
220.00003,227.66316,7.6631317,7.6631317,3.483241
122.99999,131.83652,8.836525,8.836525,7.1841674
1413.9999,1618.838,204.83813,204.83813,14.486432
1850.0001,2082.862,232.86194,232.86194,12.5871315
84.999985,90.24928,5.249298,5.249298,6.175646
1499.9998,1775.2349,275.2351,275.2351,18.34901
84.999985,87.66432,2.6643372,2.6643372,3.1345148
98.00001,108.136696,10.136688,10.136688,10.343558
1300.0,1488.0376,188.0376,188.0376,14.464431
98.00001,104.23196,6.231949,6.231949,6.359131
1300.0,1476.3217,176.32166,176.32166,13.563204
122.99999,130.29292,7.2929306,7.2929306,5.929212
61.999992,68.81492,6.814926,6.814926,10.991817
355.00006,366.24063,11.24057,11.24057,3.166357
1850.0001,2096.77,246.7699,246.7699,13.338913
84.999985,87.19989,2.1999054,2.1999054,2.5881243
3450.0007,3678.1562,228.15552,228.15552,6.6132016
1235.0,1381.7034,146.70337,146.70337,11.878816
1850.0001,2072.7415,222.74133,222.74133,12.0400715
1413.9999,1597.1373,183.13745,183.13745,12.95173
84.999985,90.430374,5.4303894,5.4303894,6.388695
84.999985,93.201035,8.20105,8.20105,9.648295
1550.0002,1757.8944,207.89417,207.89417,13.412525
81.0,90.320755,9.320755,9.320755,11.507105
3450.0007,3690.2917,240.29102,240.29102,6.9649553
84.999985,88.13379,3.1338043,3.1338043,3.6868293
3450.0007,3676.213,226.21216,226.21216,6.556873
1300.0,1473.8497,173.84973,173.84973,13.373056
1850.0001,2204.665,354.66492,354.66492,19.171076
114.99999,113.804184,-1.1958084,1.1958084,1.0398334
1300.0,1476.4788,176.47876,176.47876,13.575289
1499.9998,1781.1176,281.1178,281.1178,18.741188
494.99997,499.82373,4.823761,4.823761,0.9744972
152.0,148.82538,-3.1746216,3.1746216,2.0885668
98.00001,105.34773,7.347725,7.347725,7.497678
1499.9998,1798.7015,298.70178,298.70178,19.913456
1850.0001,2138.0815,288.08142,288.08142,15.571968
122.99999,126.936844,3.9368515,3.9368515,3.2006924
494.99997,502.81107,7.811096,7.811096,1.5779992
159.99997,146.25638,-13.743591,13.743591,8.589746
1235.0,1412.3949,177.3949,177.3949,14.363959
140.00002,140.16705,0.16703796,0.16703796,0.119312815
1300.0,1448.7483,148.74829,148.74829,11.442176
399.99997,419.14496,19.144989,19.144989,4.7862477
1300.0,1448.8838,148.88379,148.88379,11.452599
140.00002,145.38965,5.389633,5.389633,3.8497376
3450.0007,3711.4033,261.4026,261.4026,7.576885
114.99999,114.50561,-0.49438477,0.49438477,0.4298998
399.99997,396.78677,-3.2131958,3.2131958,0.80329895
1550.0002,1785.5972,235.59692,235.59692,15.1998
140.00002,137.9835,-2.01651,2.01651,1.4403641
1850.0001,2132.651,282.65076,282.65076,15.278419
1609.9996,1786.2439,176.24426,176.24426,10.946851
198.49997,198.06009,-0.43988037,0.43988037,0.22160225
220.00003,232.10645,12.106415,12.106415,5.502915
122.99999,130.87016,7.8701706,7.8701706,6.3985133
1850.0001,2080.7546,230.75452,230.75452,12.473217
3120.0005,3708.9753,588.97485,588.97485,18.877396
1245.0,1429.6736,184.67358,184.67358,14.83322
61.999992,67.00642,5.006424,5.006424,8.074878
1413.9999,1548.2551,134.25525,134.25525,9.494715
1850.0001,2082.2075,232.2074,232.2074,12.55175
1413.9999,1558.3436,144.34375,144.34375,10.208186
1235.0,1368.4868,133.48682,133.48682,10.808649
3450.0007,3692.2427,242.24194,242.24194,7.021504
3120.0005,3685.968,565.9675,565.9675,18.139982
84.999985,92.12602,7.1260376,7.1260376,8.383575
1550.0002,1771.6034,221.60315,221.60315,14.296976
1550.0002,1758.8407,208.84045,208.84045,13.473575
61.999992,64.4689,2.4689102,2.4689102,3.9821136
1550.0002,1731.6908,181.69055,181.69055,11.72197
1850.0001,2097.9407,247.94055,247.94055,13.402191
1300.0,1467.7686,167.76855,167.76855,12.9052725
3450.0007,3686.8577,236.85693,236.85693,6.865417
114.99999,116.763985,1.7639923,1.7639923,1.5339065
135.0,133.67268,-1.3273163,1.3273163,0.9831972
1050.0002,1276.1145,226.11426,226.11426,21.534685
1300.0,1532.4438,232.44385,232.44385,17.880297
1499.9998,1696.3231,196.32336,196.32336,13.088226
1300.0,1483.1437,183.14368,183.14368,14.087975
1300.0,1454.2366,154.23657,154.23657,11.864351
494.99997,498.25555,3.2555847,3.2555847,0.6576939
494.99997,496.2387,1.238739,1.238739,0.2502503
1300.0,1471.1608,171.16077,171.16077,13.166213
1245.0,1433.187,188.18701,188.18701,15.115422
1245.0,1432.835,187.83496,187.83496,15.087146
140.00002,144.46841,4.468399,4.468399,3.1917133
1245.0,1424.573,179.573,179.573,14.423534
114.99999,115.407425,0.40743256,0.40743256,0.3542892
1300.0,1498.0405,198.04053,198.04053,15.233887
1300.0,1448.2942,148.29419,148.29419,11.407246
3450.0007,3688.226,238.22534,238.22534,6.9050813
81.0,84.45239,3.4523926,3.4523926,4.262213
3120.0005,3700.07,580.0696,580.0696,18.59197
1413.9999,1584.027,170.0271,170.0271,12.024549
122.99999,130.54591,7.5459213,7.5459213,6.134896
61.999992,68.8703,6.870308,6.870308,11.081143
1235.0,1395.8191,160.81909,160.81909,13.02179
114.99999,115.27239,0.2723999,0.2723999,0.23686948
220.00003,229.72565,9.725616,9.725616,4.4207344
1413.9999,1532.7261,118.7262,118.7262,8.396479
1245.0,1384.7527,139.75269,139.75269,11.225116
1300.0,1450.1675,150.16748,150.16748,11.551344
399.99997,451.3709,51.37094,51.37094,12.842735
1300.0,1486.3616,186.36157,186.36157,14.3355055
1300.0,1477.9639,177.96387,177.96387,13.689528
61.999992,67.79448,5.794487,5.794487,9.345948
84.999985,90.8264,5.826416,5.826416,6.8546085
1300.0,1484.2806,184.28064,184.28064,14.175434
98.00001,106.93781,8.937805,8.937805,9.120209
1499.9998,1744.513,244.51318,244.51318,16.30088
1245.0,1439.792,194.79199,194.79199,15.645944
3450.0007,3694.064,244.06323,244.06323,7.074295
1300.0,1471.113,171.11304,171.11304,13.162541
1300.0,1489.1869,189.18689,189.18689,14.552837
220.00003,240.14072,20.140686,20.140686,9.154856
84.999985,92.24364,7.2436523,7.2436523,8.521946
220.00003,233.4677,13.467667,13.467667,6.121666
220.00003,234.21483,14.214798,14.214798,6.461271
1850.0001,2177.2153,327.2152,327.2152,17.687307
210.0,207.5711,-2.428894,2.428894,1.1566162
494.99997,505.4652,10.4652405,10.4652405,2.11419
1300.0,1487.9163,187.91626,187.91626,14.455096
122.99999,130.2774,7.2774124,7.2774124,5.916596
1300.0,1487.335,187.33496,187.33496,14.410381
122.99999,124.304306,1.3043137,1.3043137,1.0604177
1300.0,1490.33,190.32996,190.32996,14.640766
1850.0001,2195.024,345.0238,345.0238,18.649935
1499.9998,1824.2397,324.24,324.24,21.616003
1413.9999,1616.9652,202.96533,202.96533,14.353985
140.00002,139.39233,-0.6076813,0.6076813,0.434058
1413.9999,1552.8599,138.85999,138.85999,9.820368
1300.0,1463.1248,163.12476,163.12476,12.548058
1050.0002,1245.212,195.21179,195.21179,18.591595
1850.0001,2070.1614,220.16125,220.16125,11.900607
1300.0,1472.5669,172.5669,172.5669,13.274376
1850.0001,2195.405,345.4049,345.4049,18.670534
3450.0007,3681.9126,231.91187,231.91187,6.7220817
1413.9999,1569.0704,155.07056,155.07056,10.966802
3450.0007,3685.1277,235.12695,235.12695,6.8152723
1300.0,1503.9084,203.90845,203.90845,15.685265
1300.0,1466.2964,166.29639,166.29639,12.79203
114.99999,117.230194,2.2302017,2.2302017,1.939306
1300.0,1456.4114,156.41138,156.41138,12.031645
1300.0,1526.6877,226.68774,226.68774,17.43752
81.0,86.253296,5.253296,5.253296,6.485551
61.999992,64.716965,2.7169724,2.7169724,4.382214
1413.9999,1594.2997,180.2998,180.2998,12.751049
140.00002,139.26686,-0.7331543,0.7331543,0.5236816
1550.0002,1749.0491,199.04883,199.04883,12.841858
140.00002,140.33302,0.3330078,0.3330078,0.23786269
1413.9999,1572.5421,158.54224,158.54224,11.212323
122.99999,128.0497,5.0497055,5.0497055,4.1054516
198.49997,206.3511,7.8511353,7.8511353,3.9552324
1850.0001,2138.8762,288.8761,288.8761,15.6149235
1850.0001,2162.4946,312.4945,312.4945,16.891594
198.49997,205.97495,7.4749756,7.4749756,3.7657313
319.99994,283.91507,-36.08487,36.08487,11.276524
1413.9999,1595.8135,181.8136,181.8136,12.858107
3450.0007,3719.832,269.8313,269.8313,7.8211956
1413.9999,1580.7306,166.73071,166.73071,11.791424
140.00002,143.57574,3.5757294,3.5757294,2.5540922
1413.9999,1585.3933,171.39343,171.39343,12.121178
1499.9998,1793.5171,293.51733,293.51733,19.567825
101.99999,104.10473,2.1047363,2.1047363,2.0634673
140.00002,139.99557,-0.0044403076,0.0044403076,0.0031716481
84.999985,87.29314,2.2931519,2.2931519,2.6978261
399.99997,420.399,20.399017,20.399017,5.099755
1413.9999,1558.8545,144.85461,144.85461,10.244316
1413.9999,1588.4636,174.46375,174.46375,12.338314
1850.0001,2107.5637,257.5636,257.5636,13.922356
3120.0005,3679.9531,559.95264,559.95264,17.947197
1300.0,1463.5311,163.53113,163.53113,12.579317
61.999992,66.390175,4.3901825,4.3901825,7.0809402
140.00002,144.57513,4.575119,4.575119,3.2679417
1413.9999,1608.9045,194.90466,194.90466,13.783924
114.99999,115.556274,0.55628204,0.55628204,0.48372355
1300.0,1470.2092,170.20923,170.20923,13.093017
135.0,135.8685,0.86849976,0.86849976,0.64333314
1499.9998,1719.551,219.55127,219.55127,14.636753
1300.0,1447.8768,147.87683,147.87683,11.375141
114.99999,114.99872,-0.0012741089,0.0012741089,0.0011079209
1413.9999,1584.3936,170.39368,170.39368,12.050473
1050.0002,1226.0552,176.05493,176.05493,16.767132
140.00002,142.33618,2.3361664,2.3361664,1.6686902
140.00002,143.42291,3.4228973,3.4228973,2.4449265
3450.0007,3688.2153,238.2146,238.2146,6.90477
140.00002,142.53282,2.5328064,2.5328064,1.8091472
1850.0001,2107.0552,257.05505,257.05505,13.894866
140.00002,142.62401,2.623993,2.623993,1.8742806
1235.0,1417.2855,182.28552,182.28552,14.759961
84.999985,90.06772,5.067734,5.067734,5.9620404
3120.0005,3711.2334,591.2329,591.2329,18.94977
220.00003,228.74988,8.749847,8.749847,3.977203
1609.9996,1821.9253,211.92566,211.92566,13.163087
1050.0002,1330.1012,280.10095,280.10095,26.676277
1413.9999,1578.7437,164.74377,164.74377,11.650905
84.999985,88.72876,3.728775,3.728775,4.386795
355.00006,366.86615,11.866089,11.866089,3.3425596
1300.0,1452.2935,152.29346,152.29346,11.714882
1050.0002,1232.2448,182.2445,182.2445,17.356617
1413.9999,1565.4861,151.4862,151.4862,10.713311
1300.0,1465.8228,165.82275,165.82275,12.755596
3450.0007,3682.3901,232.3894,232.3894,6.7359233
3120.0005,3694.5996,574.5991,574.5991,18.416636
3120.0005,3697.5015,577.501,577.501,18.509644
159.99997,153.31158,-6.688385,6.688385,4.1802416
3120.0005,3705.2869,585.2864,585.2864,18.759176
1850.0001,2172.5237,322.52356,322.52356,17.433704
81.0,89.13164,8.131638,8.131638,10.039059
1550.0002,1770.2642,220.26392,220.26392,14.210573
210.0,214.83138,4.831375,4.831375,2.300655
84.999985,94.37077,9.370789,9.370789,11.02446
1413.9999,1588.4629,174.46301,174.46301,12.338262
81.0,88.0293,7.029297,7.029297,8.678144
1499.9998,1782.5508,282.55103,282.55103,18.836739
210.0,205.7391,-4.260895,4.260895,2.0289974
1850.0001,2053.2253,203.22522,203.22522,10.9851465
1300.0,1515.0564,215.0564,215.0564,16.542799
1413.9999,1585.8987,171.8988,171.8988,12.156918
1413.9999,1562.7002,148.70032,148.70032,10.51629
1413.9999,1646.0406,232.04077,232.04077,16.41024
140.00002,141.99887,1.9988556,1.9988556,1.4277538
1413.9999,1556.6306,142.63074,142.63074,10.08704
494.99997,502.5373,7.537323,7.537323,1.5226916
220.00003,234.5109,14.510864,14.510864,6.595846
1300.0,1483.3192,183.31921,183.31921,14.101479
1850.0001,2080.3347,230.3346,230.3346,12.450518
1413.9999,1581.488,167.48816,167.48816,11.844991
114.99999,117.40097,2.400978,2.400978,2.0878072
1235.0,1396.9559,161.95593,161.95593,13.113841
1413.9999,1574.9847,160.98486,160.98486,11.385069
494.99997,502.70035,7.7003784,7.7003784,1.5556321
1850.0001,2096.378,246.3778,246.3778,13.317719
1300.0,1494.1322,194.1322,194.1322,14.933247
98.00001,107.25502,9.2550125,9.2550125,9.44389
1300.0,1482.6908,182.6908,182.6908,14.053138
1499.9998,1766.4742,266.4745,266.4745,17.764969
1050.0002,1214.6017,164.60144,164.60144,15.676324
1413.9999,1587.8765,173.87659,173.87659,12.296789
152.0,146.80368,-5.1963196,5.1963196,3.4186316
98.00001,108.4557,10.455696,10.455696,10.669077
1850.0001,2203.7986,353.79846,353.79846,19.124239
3120.0005,3660.6265,540.626,540.626,17.327753
1413.9999,1590.2542,176.25427,176.25427,12.464943
51.999996,56.858482,4.858486,4.858486,9.343244
1850.0001,2070.2422,220.24207,220.24207,11.904976
1550.0002,1762.6925,212.69226,212.69226,13.722078
1550.0002,1766.626,216.62573,216.62573,13.975851
3120.0005,3694.8782,574.8777,574.8777,18.425564
1413.9999,1599.3396,185.33972,185.33972,13.107479
1413.9999,1577.5148,163.5149,163.5149,11.563996
159.99997,203.33539,43.33542,43.33542,27.084642
198.49997,207.91809,9.418121,9.418121,4.7446465
1050.0002,1245.2852,195.28491,195.28491,18.598558
1850.0001,2017.3226,167.32251,167.32251,9.044459
494.99997,499.941,4.94104,4.94104,0.9981899
140.00002,142.41364,2.41362,2.41362,1.724014
1550.0002,1781.817,231.81677,231.81677,14.955918
1850.0001,2079.7305,229.73035,229.73035,12.417856
1850.0001,2101.4736,251.47351,251.47351,13.593161
1550.0002,1730.7764,180.77612,180.77612,11.662974
1300.0,1460.6052,160.60522,160.60522,12.354248
1850.0001,2075.3538,225.35364,225.35364,12.181277
61.999992,68.788956,6.7889633,6.7889633,10.949943
210.0,209.56992,-0.43008423,0.43008423,0.20480202
1300.0,1462.9194,162.91943,162.91943,12.532264
1550.0002,1777.7114,227.71118,227.71118,14.691041
122.99999,133.78525,10.785255,10.785255,8.768501
1413.9999,1560.2535,146.25366,146.25366,10.343259
98.00001,105.71495,7.714943,7.714943,7.87239
1850.0001,2096.644,246.64392,246.64392,13.332103
1245.0,1451.8577,206.85767,206.85767,16.615074
101.99999,99.6605,-2.3394928,2.3394928,2.2936206
1235.0,1408.2158,173.21582,173.21582,14.025572
152.0,151.9733,-0.02670288,0.02670288,0.017567685
3120.0005,3685.212,565.2114,565.2114,18.11575
1050.0002,1247.2579,197.25769,197.25769,18.786442
1413.9999,1611.353,197.35315,197.35315,13.957083
1850.0001,2140.9263,290.92615,290.92615,15.725737
1550.0002,1805.2655,255.26526,255.26526,16.468723
122.99999,131.86249,8.862495,8.862495,7.2052813
122.99999,126.33025,3.3302612,3.3302612,2.7075295
198.49997,190.3468,-8.153168,8.153168,4.10739
1300.0,1479.3235,179.32349,179.32349,13.794114
1300.0,1502.7535,202.75354,202.75354,15.596426
1413.9999,1590.9834,176.98352,176.98352,12.516517
220.00003,234.41287,14.412842,14.412842,6.551291
1050.0002,1264.4471,214.4469,214.4469,20.42351
140.00002,137.57587,-2.4241486,2.4241486,1.7315345
210.0,215.3117,5.3117065,5.3117065,2.529384
494.99997,497.17923,2.1792603,2.1792603,0.44025463
98.00001,105.79375,7.7937393,7.7937393,7.9527946
1300.0,1505.4463,205.44629,205.44629,15.80356
220.00003,235.18768,15.187653,15.187653,6.9034777
1413.9999,1566.5413,152.54138,152.54138,10.787935
1413.9999,1564.2832,150.28333,150.28333,10.6282425
1850.0001,2087.7168,237.71667,237.71667,12.849548
98.00001,105.863075,7.8630676,7.8630676,8.023538
1235.0,1439.4238,204.42383,204.42383,16.552536
1300.0,1494.1714,194.17139,194.17139,14.936261
1413.9999,1547.8016,133.80176,133.80176,9.462643
1300.0,1469.747,169.74695,169.74695,13.057457
494.99997,502.9293,7.9293213,7.9293213,1.6018832
1235.0,1438.221,203.22095,203.22095,16.455137
98.00001,107.39732,9.397316,9.397316,9.589097
3120.0005,3689.454,569.4536,569.4536,18.251715
1300.0,1480.1355,180.1355,180.1355,13.856576
1550.0002,1760.1578,210.1576,210.1576,13.558552
1235.0,1465.6731,230.6731,230.6731,18.677984
84.999985,96.83795,11.837967,11.837967,13.927023
1850.0001,2163.674,313.67395,313.67395,16.955347
152.0,152.65407,0.654068,0.654068,0.43030792
135.0,133.55412,-1.4458771,1.4458771,1.07102
81.0,85.71,4.709999,4.709999,5.8148136
152.0,149.18753,-2.8124695,2.8124695,1.8503089
355.00006,363.9569,8.956848,8.956848,2.5230553
98.00001,107.882515,9.882507,9.882507,10.08419
1235.0,1415.0177,180.0177,180.0177,14.576332
1550.0002,1751.2911,201.2909,201.2909,12.986506
61.999992,65.22999,3.2299957,3.2299957,5.2096715
198.49997,196.54028,-1.9596863,1.9596863,0.98724765
1850.0001,2136.1057,286.1056,286.1056,15.465166
1413.9999,1581.9657,167.96582,167.96582,11.878772
152.0,149.63133,-2.3686676,2.3686676,1.5583339
1413.9999,1567.2582,153.2583,153.2583,10.838636
1850.0001,2122.484,272.48376,272.48376,14.728851
1300.0,1441.4811,141.48108,141.48108,10.88316
1413.9999,1600.6375,186.63757,186.63757,13.199264
1550.0002,1773.8895,223.88928,223.88928,14.444468
1413.9999,1586.8524,172.85254,172.85254,12.224367
1850.0001,2051.7498,201.74963,201.74963,10.905385
1413.9999,1592.1879,178.18799,178.18799,12.601698
1413.9999,1587.3961,173.39624,173.39624,12.262819
84.999985,93.70881,8.708824,8.708824,10.245677
1050.0002,1234.5709,184.57068,184.57068,17.578156
1300.0,1464.1088,164.10876,164.10876,12.623751
84.999985,92.25,7.2500153,7.2500153,8.529431
1413.9999,1564.7595,150.75964,150.75964,10.661927
81.0,89.5681,8.5681,8.5681,10.577902
159.99997,207.40141,47.401443,47.401443,29.625908
84.999985,91.490616,6.490631,6.490631,7.6360383
1609.9996,1700.0688,90.069214,90.069214,5.5943623
1413.9999,1577.4847,163.48486,163.48486,11.5618725
1413.9999,1545.7012,131.7013,131.7013,9.3140955
81.0,90.25751,9.257507,9.257507,11.429022
3120.0005,3725.823,605.8225,605.8225,19.417385
1300.0,1482.8606,182.8606,182.8606,14.0662
3450.0007,3672.5571,222.5564,222.5564,6.4509087
1413.9999,1552.8518,138.85193,138.85193,9.8197975
