category,display_category,image_path,predicted_kg,actual_kg,absolute_error,llm_text
battery,Battery,images/Image_V5_15_1018.jpg,147.89878845214844,152.0,-4.1012115478515625,"**Prediction Explanation** The model predicted a waste weight of 147.9 kg with a confidence score of 42.9%, indicating moderate confidence in the accuracy of the prediction. The actual weight was 152.0 kg, resulting in an absolute error of 4.1 kg and a percentage error of 2.7%. **Input Modality Influence** The model's prediction was influenced by both image and metadata inputs, with the image contributing 53.6% and metadata contributing 46.4%. The image modality appears to be more influential, likely due to the visual characteristics of the waste item, such as shape, size, and composition, which can be effectively captured through image analysis. This suggests that high-quality images with clear views of the waste item can improve the accuracy of predictions. **Prediction Error Discussion** The prediction error of 2.7% is relatively low,."
battery,Battery,images/Image_V5_15_1042.jpg,149.15538024902344,152.0,-2.8446197509765625,"**Prediction Overview** The multimodal machine learning model predicted a waste weight of 149.2 kg with a moderate confidence score of 42.8%. Although the actual weight was 152.0 kg, resulting in an absolute error of 2.8 kg and a percentage error of 1.9%, the model's performance is considered ""excellent"" according to its internal metrics. **Input Modality Influence** The model attributed 53.8% of the prediction to image features, indicating that the visual characteristics of the waste item had a greater influence on the prediction compared to metadata, which contributed 46.2%. This highlights the importance of accurate image classification in determining waste weights. Effective image processing and feature extraction are crucial for precise predictions, as they capture nuanced details about the waste's composition and shape. **Prediction Error and Discrepancy** Despite the overall good performance,."
battery,Battery,images/Image_V5_15_1036.jpg,146.36068725585938,152.0,-5.639312744140625,"**Prediction Explanation** The multimodal machine learning model predicted a waste weight of 146.4 kg with a moderate confidence score of 42.9%. This indicates that while the model has some level of certainty about the prediction, it may benefit from additional information or refinement. The actual weight of the waste was measured at 152.0 kg, resulting in an absolute error of 5.6 kg and a percentage error of 3.7%. **Input Modality Influence** The model's reliance on image features accounted for approximately 53.8% of the prediction, whereas metadata contributed around 46.2%. This suggests that the visual characteristics of the waste (e.g., shape, texture, size) played a slightly larger role in determining the predicted weight compared to the non-image metadata (e.g., location, date, type). However, both modalities contributed significantly to the final."
bonnet,Automotive Scrap,images/I_476925.jpg,1458.02880859375,1300.0,158.02880859375,"**Prediction Explanation** The multimodal machine learning model predicted a waste weight of 1458.0 kg with a moderate confidence score of 43.3%. This prediction falls into the ""acceptable"" error category. However, there is a significant absolute error of 158.0 kg and percentage error of 12.2% compared to the actual weight of 1300.0 kg. **Input Modality Influence** The metadata contributed more significantly to the prediction, accounting for 69.1% of the influence, while the image contributed 30.9%. The stronger contribution from metadata suggests that the model relied heavily on non-image data, such as container size, material, or packing density, to make its prediction. This highlights the importance of accurate metadata collection and processing in waste weight estimation. **Prediction Error and Potential Reasons** The substantial error may be attributed to various factors: * In."
car,Automotive Scrap,images/Image_V3_6_1120.jpg,1454.9173583984375,1414.0,40.9173583984375,"**Prediction Explanation** The multimodal machine learning model predicts the weight of a waste container to be approximately 1454.9 kg with a moderate level of confidence at 43.6%. This prediction falls within the ""excellent"" error category, indicating a relatively low absolute error of 40.9 kg. **Input Modality Influence** The model relies heavily on visual information from images, contributing 71.2% to the prediction, whereas metadata contributes 28.8%. The strong emphasis on image-based features suggests that visual characteristics, such as container shape, size, or material, play a crucial role in determining the weight. In contrast, metadata attributes like container type, manufacturer, or location have a lesser impact. Understanding the relative importance of these inputs can help improve data collection strategies by prioritizing the capture of high-quality images alongside relevant metadata. **Prediction Error and Discrepancy."
car,Automotive Scrap,images/Image_V3_3_1482.jpg,1430.4964599609375,1414.0,16.4964599609375,"**Prediction Explanation** The multimodal machine learning model predicted the weight of the waste item to be approximately 1430.5 kg with a confidence score of 43.6%. This suggests that while the model has some uncertainty about the accuracy of the prediction, it still provides a relatively strong estimate. **Input Modality Influence** The image modality contributed significantly more to the prediction than the metadata, accounting for 77.3% of the overall influence. This makes sense given that visual characteristics such as shape, size, and material composition can be critical factors in estimating the weight of a waste item. In contrast, metadata may provide contextual information that supports but does not strongly influence the weight prediction. For example, the metadata might include the type of waste, origin, or handling history, which could be useful for other tasks like sorting or routing, but may not directly impact the weight estimation. **."
car,Automotive Scrap,images/Image_V3_1_1236.jpg,1388.9610595703125,1300.0,88.9610595703125,"**Prediction Explanation** The multimodal machine learning model predicted the weight of a waste item to be approximately 1389.0 kg with a confidence score of 43.6%, indicating moderate confidence in the prediction. While the actual weight was measured at 1300.0 kg, resulting in an absolute error of 89.0 kg and percentage error of 6.8%. **Input Modality Influence** The model's prediction was primarily influenced by the visual information extracted from the image (76.7%), while the metadata contributed only 23.3% to the final decision. The strong reliance on visual features suggests that the image provided valuable information about the size, shape, and composition of the waste item, which were critical factors in determining its weight. **Prediction Error and Potential Reasons** Despite the relatively low percentage error, the absolute error of 89.0 kg may seem significant."
cardboard,Cardboard,images/Image_V5_8_1297.jpg,85.56805419921875,85.0,0.56805419921875,"**Prediction Explanation** The model predicted a waste weight of 85.6 kg with a confidence score of 43.2%, categorizing it as ""excellent"" despite the relatively low confidence level. This suggests that while the model is fairly certain about the direction of the prediction, there may be some uncertainty regarding the exact magnitude. **Input Modality Influence** The image contributed significantly more to the prediction (75.2%) than metadata (24.8%), indicating that visual cues played a crucial role in determining the predicted weight. This makes sense, given that images often contain detailed information about object shapes, sizes, and textures that can inform weight estimates. However, the influence of metadata might be limited by its lower contribution, possibly due to missing or incomplete data points. **Prediction Error and Discrepancy** The absolute error of 0.6 kg and percentage error of 0."
cardboard,Cardboard,images/Image_V2_7_1282.jpg,199.53842163085938,198.5,1.038421630859375,"**Prediction Explanation** The multimodal machine learning model predicted a waste weight of 199.5 kg with a moderate confidence score of 42.7%. This suggests that while the model is fairly certain about the prediction, there may be some uncertainty in the underlying data or relationships. **Input Modality Influence** Notably, the image contribution to the prediction was significantly higher at 73.2% compared to metadata, which contributed only 26.8%. This implies that visual characteristics of the waste item(s) in the image had a greater impact on the predicted weight than the associated metadata. In waste management, images can capture nuances like packaging, shape, and composition, which can be crucial indicators of weight. The emphasis on image features highlights the importance of accurate and detailed imaging in waste sorting and weighing processes. **Prediction Error and Discrepancy** Despite the moderate confidence score, the absolute."
cardboard,Cardboard,images/Image_V2_7_1269.jpg,196.73593139648438,198.5,-1.764068603515625,"**Prediction Explanation** The multimodal machine learning model predicted a waste weight of 196.7 kg with a moderate level of confidence (42.7%). This indicates that while the model is fairly certain about its prediction, it also acknowledges some uncertainty. The actual weight was slightly higher at 198.5 kg, resulting in an absolute error of 1.8 kg and a percentage error of 0.9%. **Influence of Input Modalities** Notably, the image modality contributed significantly more (72.7%) than the metadata modality (27.3%) to the prediction. This suggests that visual features extracted from the image were more critical in determining the predicted weight. This makes sense, as images can capture detailed characteristics such as container shape, size, and material composition, which are often strong indicators of weight. **Prediction Error and Potential Reasons** The relatively small absolute error."
cylinder_track,Cylindrical Object,images/Image_V4_4_1106.jpg,1353.1650390625,1245.0,108.1650390625,"**Prediction Explanation** The model predicted a waste weight of 1353.2 kg with a moderate confidence score of 43.4%. While the actual weight was 1245.0 kg, resulting in an absolute error of 108.2 kg and a percentage error of 8.7%, the prediction falls within the acceptable error category. **Input Modality Influence** Notably, the image contribution accounted for 57.8% of the overall prediction, while metadata contributed 42.2%. This suggests that visual cues from the image played a more significant role in shaping the weight prediction. The higher dimensionality of image features (768 dimensions) compared to metadata (256 dimensions) may have allowed the model to capture more nuanced information about the waste's physical characteristics, such as size, shape, and composition, which influenced the weight estimate. **Prediction Error and Discrepancy**."
cylinder_track,Cylindrical Object,images/Image_V4_4_1017.jpg,1338.488037109375,1245.0,93.488037109375,"**Prediction Explanation** The model predicted a waste weight of 1338.5 kg with a confidence score of 43.3%, categorized as ""good."" However, the actual weight was 1245.0 kg, resulting in an absolute error of 93.5 kg and a percentage error of 7.5%. **Input Modality Influence** The image modality contributed 57.7% to the prediction, while metadata accounted for 42.3%. This suggests that the visual characteristics of the waste items, as captured by the image, played a significant role in shaping the prediction. The relatively higher contribution of image data may indicate that the model relies heavily on visual cues such as item shape, size, and arrangement to estimate weight. **Prediction Error and Potential Reasons** The high absolute error and moderate confidence score indicate that there might be some inconsistencies between the predicted and actual weights."
cylinder_track,Cylindrical Object,images/Image_V4_4_1034.jpg,1356.151611328125,1245.0,111.151611328125,"**Prediction Explanation** The model predicted a waste weight of 1356.2 kg with a moderate confidence score of 43.4%. This indicates that while the model is somewhat uncertain about the accuracy of its prediction, it still provides a reasonable estimate. The actual weight was 1245.0 kg, resulting in an absolute error of 111.2 kg and a percentage error of 8.9%. **Input Modality Influence** The model's prediction was influenced by both image and metadata inputs, with the image contributing 57.5% and metadata contributing 42.5%. The image features appear to be more influential due to their higher dimensionality (768 dimensions compared to 256 for metadata). This suggests that visual cues, such as packaging shape, size, and material, played a significant role in shaping the model's prediction. This balance between image and metadata influence highlights the importance."
fridge,Appliance,images/Image_V5_18_1207.jpg,85.3753662109375,85.0,0.3753662109375,"**Prediction Explanation** The multimodal machine learning model predicted a waste weight of 85.4 kg with a confidence score of 43.2%, categorizing it as an ""excellent"" prediction. This suggests that while the model is relatively confident in its prediction, there may be some uncertainty involved. **Input Modality Influence** The model's reliance on image features (73.0%) far outweighs its reliance on metadata features (27.0%). The visual cues captured by the image appear to have played a significant role in shaping the prediction. This might indicate that the image contains detailed information about the waste's shape, size, or composition, which were critical factors in determining the predicted weight. **Prediction Error and Discrepancy** With an absolute error of 0.4 kg and percentage error of 0.4%, the prediction is remarkably accurate. However, a closer look."
fridge,Appliance,images/Image_V5_18_1034.jpg,86.23831939697266,85.0,1.2383193969726562,"**Prediction Explanation** The multimodal machine learning model predicted the weight of the waste item to be 86.2 kg with a confidence score of 43.2%, indicating moderate uncertainty. While the actual weight was measured at 85.0 kg, resulting in an absolute error of 1.2 kg (1.5% percentage error), the model's performance can be considered as ""excellent"" according to the provided categorization. **Input Modality Influence** Interestingly, the image contribution accounted for 73.4% of the overall prediction, whereas metadata contributed only 26.6%. This suggests that the visual appearance of the waste item played a significant role in determining its predicted weight. The model likely extracted valuable information from the image, such as shape, size, and texture, to inform its weight estimate. In contrast, the metadata, which might include information like type, material."
fridge,Appliance,images/Image_V5_18_1066.jpg,85.05023193359375,85.0,0.05023193359375,"**Prediction Explanation** The multimodal machine learning model predicted a waste weight of 85.1 kg with a moderate level of confidence (43.2%). The actual weight was 85.0 kg, resulting in an absolute error of 0.1 kg and a percentage error of 0.1%. This indicates a relatively accurate prediction with minimal deviation from the actual weight. **Influence of Input Modalities** The model relied heavily on visual features from the image input, contributing approximately 72.2% to the final prediction, whereas metadata contributed around 27.8%. This suggests that the model extracted valuable information from the image, such as object shape, size, and texture, to inform its prediction. However, the relatively lower contribution of metadata implies that the image played a more significant role in determining the predicted weight. **Understanding the Prediction Error** The small absolute error of 0."
metal,Ferrous Metal,images/Image_V5_22_1198.jpg,133.74713134765625,140.0,-6.25286865234375,"**Prediction Analysis** The multimodal machine learning model predicted a waste weight of 133.7 kg with a confidence score of 43.3%, indicating moderate uncertainty. The actual weight was measured at 140.0 kg, resulting in an absolute error of 6.3 kg (4.5% relative error). **Input Modality Influence** The model's reliance on image features (55.5%) surpassed metadata features (44.5%), suggesting that visual cues played a more significant role in shaping the prediction. This might be due to the presence of clear visual indicators of object size, shape, or material composition in the provided image. **Prediction Error Discussion** The moderate error may stem from several factors: * Limited metadata availability or accuracy, potentially hindering the model's ability to incorporate relevant contextual information. * Inadequate training data representation for certain types of waste objects or scenarios,."
metal,Ferrous Metal,images/Image_V5_4_1042.jpg,60.816322326660156,62.0,-1.1836776733398438,"**Prediction Explanation** The multimodal machine learning model predicted a waste weight of 60.8 kg with a confidence score of 43.3%, categorized as ""excellent"" despite the relatively low confidence. This suggests that while the model is confident in its output, there may be some uncertainty in the underlying data or assumptions used by the model. **Input Modality Influence** The image contribution accounted for 72.3% of the overall prediction, indicating that visual cues from the image played a significant role in determining the predicted weight. In contrast, metadata contributed only 27.7%. This highlights the importance of accurate and detailed imaging in waste characterization, suggesting that the quality of the image captured can significantly impact the model's performance. **Prediction Error and Discrepancy** The absolute error of 1.2 kg and percentage error of 1.9% indicate a relatively small difference."
metal,Ferrous Metal,images/Image_V5_20_1153.jpg,215.22352600097656,220.0,-4.7764739990234375,"**Prediction Explanation** The multimodal machine learning model predicted a waste weight of 215.2 kg with a confidence score of 42.5%, categorized as ""excellent"" despite the moderate confidence level. This suggests that while the model is fairly certain about the prediction, there might be some uncertainty in the underlying factors contributing to the weight estimate. **Influential Input Modality** The model's reliance on image data (73.6%) over metadata (26.4%) indicates that visual characteristics of the waste were more influential in determining the weight prediction. This could be due to the presence of explicit indicators such as packaging labels, shape, or color, which can provide strong visual cues for estimating weight. However, this also raises questions about whether the model is accurately accounting for metadata, potentially leading to missed opportunities for improvement. **Prediction Error and Potential Reasons** The absolute error of 4."
plastic,Rigid Plastic,images/I_342042.jpg,206.72479248046875,210.0,-3.27520751953125,"**Prediction Explanation** The multimodal machine learning model predicted a waste weight of 206.7 kg with a confidence score of 42.3%, indicating moderate confidence in the prediction. The actual weight was measured at 210.0 kg, resulting in an absolute error of 3.3 kg and a percentage error of 1.6%. Despite the relatively low percentage error, the model's performance can be improved. **Input Modality Influence** The image contribution accounted for 64.9% of the prediction, while metadata contributed 35.1%. This suggests that the visual characteristics of the waste item played a significant role in determining the predicted weight. This is likely due to the presence of distinct visual patterns or features associated with higher or lower weights in the training data. Understanding this reliance on images highlights the importance of accurate and detailed imaging in the waste collection process. **Prediction Error and."
rubber,Rubber,images/Image_V5_14_1114.jpg,111.85929870605469,115.0,-3.1407012939453125,"**Prediction Explanation** The multimodal machine learning model predicted a waste weight of 111.9 kg with a confidence score of 43.9%, categorizing it as ""excellent."" However, the actual weight was 115.0 kg, resulting in an absolute error of 3.1 kg and a percentage error of 2.7%. **Influential Input Modality** The image contributed significantly more (76.6%) to the prediction compared to metadata (23.4%). This indicates that the visual characteristics of the waste item had a greater impact on the prediction. The high image contribution is likely due to the presence of distinct visual features such as shape, size, and material properties, which were effectively captured by the model's convolutional neural network architecture. **Prediction Error Discussion** Despite the overall accuracy, the prediction deviates from the actual weight by 3.1 kg."
rubber,Rubber,images/Image_V5_14_1019.jpg,109.64938354492188,115.0,-5.350616455078125,"**Prediction Explanation** The multimodal machine learning model predicted the weight of an object to be 109.6 kg with a moderate confidence score of 43.8%. The actual weight was 115.0 kg, resulting in an absolute error of 5.4 kg and a percentage error of 4.7%. **Influence of Input Modalities** The image input modality contributed significantly more (76.2%) to the prediction than the metadata input modality (23.8%). This suggests that the visual characteristics of the object played a crucial role in determining its predicted weight. In waste management, images can capture subtle details such as material composition, shape, and texture, which can influence weight estimation. However, metadata (e.g., object size, material type) may have provided limited information in this case, contributing less to the final prediction. **Prediction Error Discussion** The relatively."
rubber,Rubber,images/Image_V5_14_1037.jpg,108.49542999267578,115.0,-6.504570007324219,"**Prediction Explanation** The model predicted a waste weight of 108.5 kg with a moderate confidence score of 43.8%, indicating some uncertainty in the estimate. The absolute error is 6.5 kg, representing a percentage error of 5.7%. While the model's performance is considered ""excellent"" according to its internal metrics, the actual weight was 115.0 kg. **Input Modality Influence** The image modality contributed significantly more (75.9%) than metadata (24.1%) to the prediction. This suggests that the visual characteristics of the waste item, such as shape, size, and texture, played a crucial role in determining the estimated weight. In contrast, the metadata provided limited information, possibly due to incomplete or inaccurate data. Understanding the importance of image features can inform strategies for collecting and analyzing visual data in the future. **Prediction Error Discussion."
vehicle,Automotive Scrap,images/Image_V2_4_1255.jpg,1665.1646728515625,1550.0,115.1646728515625,"**Prediction Explanation** The multimodal machine learning model predicted a waste weight of 1665.2 kg with a confidence score of 43.4%, categorizing it as an ""acceptable"" prediction. However, the actual weight was 1550.0 kg, resulting in an absolute error of 115.2 kg and a percentage error of 7.4%. **Input Modality Influence** The model's accuracy was heavily influenced by the image input, accounting for approximately 68.7% of the contribution, while metadata contributed around 31.3%. The image's dominant influence suggests that visual characteristics of the waste items, such as their size, shape, and arrangement, played a significant role in shaping the prediction. This highlights the importance of high-quality image data in achieving accurate waste weight predictions. **Prediction Error and Potential Reasons** The substantial absolute error of 115.2 kg."
vehicle,Automotive Scrap,images/Image_V2_4_1049.jpg,1631.921630859375,1550.0,81.921630859375,"**Prediction Explanation** The multimodal machine learning model predicted a waste weight of 1631.9 kg with a moderate level of confidence at 43.4%. This prediction falls into the ""good"" error category, indicating that it is within an acceptable margin of error. **Input Modality Influence** Interestingly, the image input contributed significantly more to the prediction than the metadata input, accounting for approximately 66.9% of the influence. The visual features extracted from the image, such as object detection, texture analysis, and shape recognition, likely played a crucial role in determining the weight estimate. In contrast, the metadata features, which include information about the waste type, packaging, and collection location, contributed around 33.1% to the prediction. This highlights the importance of visual cues in waste weight estimation, suggesting that images can capture valuable information that complements or even supersedes metadata."
vehicle,Automotive Scrap,images/Image_V2_4_1104.jpg,1623.922119140625,1550.0,73.922119140625,"**Prediction Explanation** The multimodal machine learning model predicted the weight of a waste container to be approximately 1623.9 kg with a moderate confidence score of 43.4%. The actual weight of the container was 1550.0 kg, resulting in an absolute error of 73.9 kg and a percentage error of 4.8%. **Influential Input Modality** The image input modality contributed significantly more to the prediction, accounting for 66.9% of the total contribution, while the metadata contributed 33.1%. This suggests that the visual characteristics of the waste container, such as its size, shape, and contents, played a crucial role in determining the predicted weight. However, the relatively lower contribution from metadata indicates that other factors, such as container type or material, may have been less relevant in this instance. **Prediction Error and Discrepan."
wood,Wood,images/I_712231.jpg,143.07391357421875,160.0,-16.92608642578125,"**Prediction Explanation** The multimodal machine learning model predicted a waste weight of 143.1 kg with a moderate confidence score of 43.1%. The actual weight was recorded as 160.0 kg, resulting in an absolute error of 16.9 kg and a percentage error of 10.6%. **Influential Input Modality** The image input modality had a significantly higher contribution to the prediction at 73.8%, indicating that the visual characteristics of the waste item were more influential in shaping the model's outcome. This may be due to the fact that images can capture detailed visual cues such as size, shape, and texture, which are critical factors in estimating weight. In contrast, metadata features contributed only 26.2% to the prediction, suggesting that while useful, the information provided through metadata (e.g., waste type, material) played a relatively minor."
wood,Wood,images/Image_V5_6_1777.jpg,3899.246337890625,3450.0,449.246337890625,"**Prediction Explanation** The multimodal machine learning model predicted the weight of a waste item as 3899.2 kg with a confidence score of 42.4%, categorizing it as a ""poor"" prediction. The actual weight was 3450.0 kg, resulting in an absolute error of 449.2 kg and a percentage error of 13.0%. **Influence of Input Modalities** The image modality contributed significantly more to the prediction than metadata, accounting for 71.8% of the decision-making process, while metadata accounted for 28.2%. This suggests that the visual characteristics of the waste item played a crucial role in shaping the prediction, potentially due to the presence of distinct visual features such as shape, size, or color patterns that are indicative of weight. Understanding the relative importance of image versus metadata can inform the collection of data and guide the."
wood,Wood,images/Image_V5_6_1259.jpg,3863.631591796875,3450.0,413.631591796875,"**Prediction Explanation** The multimodal machine learning model predicted a waste weight of 3863.6 kg with a relatively low confidence score of 42.3%, categorizing it as a ""poor"" prediction. The actual weight was 3450.0 kg, resulting in an absolute error of 413.6 kg and a percentage error of 12.0%. **Input Modality Influence** The image contribution dominated the prediction at 72.4%, while metadata contributed only 27.6%. This suggests that visual cues from the image played a significant role in determining the predicted weight. This is likely because images often contain explicit indicators of object size, shape, and composition, which can be directly related to weight. In contrast, metadata may not always accurately capture these physical attributes, leading to a lower influence on the prediction. **Prediction Error and Discrepancy** The substantial."
